Process_ID,Process_Name,Start_Time,First_Activation,End_Time,Priority,Scheduling_Policy
1,"systemd",2024-10-05 22:24:10,2024-10-05 22:24:33,2024-10-05 22:24:47, 19,TS
2,"kthreadd",2024-10-05 22:24:10,2024-10-05 22:24:33,2024-10-05 22:24:47, 19,TS
3,"pool_workqueue_",2024-10-05 22:24:10,2024-10-05 22:24:33,2024-10-05 22:24:48, 19,TS
4,"kworker/R-rcu_g",2024-10-05 22:24:10,2024-10-05 22:24:33,2024-10-05 22:24:48, 39,TS
5,"kworker/R-rcu_p",2024-10-05 22:24:10,2024-10-05 22:24:33,2024-10-05 22:24:48, 39,TS
6,"kworker/R-slub_",2024-10-05 22:24:10,2024-10-05 22:24:33,2024-10-05 22:24:48, 39,TS
7,"kworker/R-netns",2024-10-05 22:24:10,2024-10-05 22:24:33,2024-10-05 22:24:48, 39,TS
10,"kworker/0:0H-ev",2024-10-05 22:24:10,2024-10-05 22:24:33,2024-10-05 22:24:48, 39,TS
12,"kworker/R-mm_pe",2024-10-05 22:24:10,2024-10-05 22:24:33,2024-10-05 22:24:48, 39,TS
13,"rcu_tasks_kthre",2024-10-05 22:24:11,2024-10-05 22:24:33,2024-10-05 22:24:48, 19,TS
14,"rcu_tasks_rude_",2024-10-05 22:24:11,2024-10-05 22:24:33,2024-10-05 22:24:48, 19,TS
15,"rcu_tasks_trace",2024-10-05 22:24:11,2024-10-05 22:24:33,2024-10-05 22:24:48, 19,TS
16,"ksoftirqd/0",2024-10-05 22:24:11,2024-10-05 22:24:33,2024-10-05 22:24:48, 19,TS
17,"rcu_preempt",2024-10-05 22:24:11,2024-10-05 22:24:33,2024-10-05 22:24:48, 19,TS
18,"migration/0",2024-10-05 22:24:11,2024-10-05 22:24:33,2024-10-05 22:24:48,139,FF
19,"idle_inject/0",2024-10-05 22:24:11,2024-10-05 22:24:33,2024-10-05 22:24:48, 90,FF
20,"cpuhp/0",2024-10-05 22:24:11,2024-10-05 22:24:33,2024-10-05 22:24:48, 19,TS
21,"cpuhp/2",2024-10-05 22:24:11,2024-10-05 22:24:33,2024-10-05 22:24:48, 19,TS
22,"idle_inject/2",2024-10-05 22:24:11,2024-10-05 22:24:33,2024-10-05 22:24:48, 90,FF
23,"migration/2",2024-10-05 22:24:11,2024-10-05 22:24:33,2024-10-05 22:24:48,139,FF
24,"ksoftirqd/2",2024-10-05 22:24:11,2024-10-05 22:24:33,2024-10-05 22:24:48, 19,TS
26,"kworker/2:0H-ev",2024-10-05 22:24:11,2024-10-05 22:24:33,2024-10-05 22:24:48, 39,TS
27,"cpuhp/4",2024-10-05 22:24:12,2024-10-05 22:24:33,2024-10-05 22:24:48, 19,TS
28,"idle_inject/4",2024-10-05 22:24:12,2024-10-05 22:24:33,2024-10-05 22:24:48, 90,FF
29,"migration/4",2024-10-05 22:24:12,2024-10-05 22:24:33,2024-10-05 22:24:48,139,FF
30,"ksoftirqd/4",2024-10-05 22:24:12,2024-10-05 22:24:33,2024-10-05 22:24:48, 19,TS
32,"kworker/4:0H-ev",2024-10-05 22:24:12,2024-10-05 22:24:33,2024-10-05 22:24:48, 39,TS
33,"cpuhp/6",2024-10-05 22:24:12,2024-10-05 22:24:33,2024-10-05 22:24:48, 19,TS
34,"idle_inject/6",2024-10-05 22:24:12,2024-10-05 22:24:33,2024-10-05 22:24:48, 90,FF
35,"migration/6",2024-10-05 22:24:12,2024-10-05 22:24:33,2024-10-05 22:24:48,139,FF
36,"ksoftirqd/6",2024-10-05 22:24:12,2024-10-05 22:24:33,2024-10-05 22:24:48, 19,TS
38,"kworker/6:0H-ev",2024-10-05 22:24:12,2024-10-05 22:24:33,2024-10-05 22:24:48, 39,TS
39,"cpuhp/8",2024-10-05 22:24:12,2024-10-05 22:24:33,2024-10-05 22:24:48, 19,TS
40,"idle_inject/8",2024-10-05 22:24:12,2024-10-05 22:24:33,2024-10-05 22:24:48, 90,FF
41,"migration/8",2024-10-05 22:24:12,2024-10-05 22:24:33,2024-10-05 22:24:48,139,FF
42,"ksoftirqd/8",2024-10-05 22:24:12,2024-10-05 22:24:33,2024-10-05 22:24:48, 19,TS
44,"kworker/8:0H-ev",2024-10-05 22:24:13,2024-10-05 22:24:33,2024-10-05 22:24:48, 39,TS
45,"cpuhp/10",2024-10-05 22:24:13,2024-10-05 22:24:33,2024-10-05 22:24:48, 19,TS
46,"idle_inject/10",2024-10-05 22:24:13,2024-10-05 22:24:33,2024-10-05 22:24:48, 90,FF
47,"migration/10",2024-10-05 22:24:13,2024-10-05 22:24:33,2024-10-05 22:24:48,139,FF
48,"ksoftirqd/10",2024-10-05 22:24:13,2024-10-05 22:24:33,2024-10-05 22:24:48, 19,TS
50,"kworker/10:0H-e",2024-10-05 22:24:13,2024-10-05 22:24:33,2024-10-05 22:24:48, 39,TS
51,"cpuhp/1",2024-10-05 22:24:13,2024-10-05 22:24:33,2024-10-05 22:24:48, 19,TS
52,"idle_inject/1",2024-10-05 22:24:13,2024-10-05 22:24:33,2024-10-05 22:24:48, 90,FF
53,"migration/1",2024-10-05 22:24:13,2024-10-05 22:24:33,2024-10-05 22:24:48,139,FF
54,"ksoftirqd/1",2024-10-05 22:24:13,2024-10-05 22:24:33,2024-10-05 22:24:48, 19,TS
56,"kworker/1:0H-ev",2024-10-05 22:24:13,2024-10-05 22:24:33,2024-10-05 22:24:48, 39,TS
57,"cpuhp/3",2024-10-05 22:24:13,2024-10-05 22:24:33,2024-10-05 22:24:48, 19,TS
58,"idle_inject/3",2024-10-05 22:24:13,2024-10-05 22:24:33,2024-10-05 22:24:48, 90,FF
59,"migration/3",2024-10-05 22:24:14,2024-10-05 22:24:33,2024-10-05 22:24:48,139,FF
60,"ksoftirqd/3",2024-10-05 22:24:14,2024-10-05 22:24:33,2024-10-05 22:24:48, 19,TS
62,"kworker/3:0H-ev",2024-10-05 22:24:14,2024-10-05 22:24:33,2024-10-05 22:24:48, 39,TS
63,"cpuhp/5",2024-10-05 22:24:14,2024-10-05 22:24:33,2024-10-05 22:24:48, 19,TS
64,"idle_inject/5",2024-10-05 22:24:14,2024-10-05 22:24:33,2024-10-05 22:24:48, 90,FF
65,"migration/5",2024-10-05 22:24:14,2024-10-05 22:24:33,2024-10-05 22:24:48,139,FF
66,"ksoftirqd/5",2024-10-05 22:24:14,2024-10-05 22:24:33,2024-10-05 22:24:48, 19,TS
68,"kworker/5:0H-ev",2024-10-05 22:24:14,2024-10-05 22:24:33,2024-10-05 22:24:48, 39,TS
69,"cpuhp/7",2024-10-05 22:24:14,2024-10-05 22:24:33,2024-10-05 22:24:48, 19,TS
70,"idle_inject/7",2024-10-05 22:24:14,2024-10-05 22:24:33,2024-10-05 22:24:48, 90,FF
71,"migration/7",2024-10-05 22:24:14,2024-10-05 22:24:33,2024-10-05 22:24:48,139,FF
72,"ksoftirqd/7",2024-10-05 22:24:14,2024-10-05 22:24:33,2024-10-05 22:24:48, 19,TS
74,"kworker/7:0H-ev",2024-10-05 22:24:14,2024-10-05 22:24:33,2024-10-05 22:24:48, 39,TS
75,"cpuhp/9",2024-10-05 22:24:15,2024-10-05 22:24:33,2024-10-05 22:24:48, 19,TS
76,"idle_inject/9",2024-10-05 22:24:15,2024-10-05 22:24:33,2024-10-05 22:24:48, 90,FF
77,"migration/9",2024-10-05 22:24:15,2024-10-05 22:24:33,2024-10-05 22:24:48,139,FF
78,"ksoftirqd/9",2024-10-05 22:24:15,2024-10-05 22:24:33,2024-10-05 22:24:48, 19,TS
80,"kworker/9:0H-ev",2024-10-05 22:24:15,2024-10-05 22:24:33,2024-10-05 22:24:48, 39,TS
81,"cpuhp/11",2024-10-05 22:24:15,2024-10-05 22:24:33,2024-10-05 22:24:48, 19,TS
82,"idle_inject/11",2024-10-05 22:24:15,2024-10-05 22:24:33,2024-10-05 22:24:48, 90,FF
83,"migration/11",2024-10-05 22:24:15,2024-10-05 22:24:33,2024-10-05 22:24:48,139,FF
84,"ksoftirqd/11",2024-10-05 22:24:15,2024-10-05 22:24:33,2024-10-05 22:24:48, 19,TS
86,"kworker/11:0H-e",2024-10-05 22:24:15,2024-10-05 22:24:33,2024-10-05 22:24:48, 39,TS
89,"kdevtmpfs",2024-10-05 22:24:15,2024-10-05 22:24:33,2024-10-05 22:24:49, 19,TS
90,"kworker/R-inet_",2024-10-05 22:24:15,2024-10-05 22:24:34,2024-10-05 22:24:49, 39,TS
92,"kauditd",2024-10-05 22:24:15,2024-10-05 22:24:34,2024-10-05 22:24:49, 19,TS
93,"khungtaskd",2024-10-05 22:24:15,2024-10-05 22:24:34,2024-10-05 22:24:49, 19,TS
94,"oom_reaper",2024-10-05 22:24:16,2024-10-05 22:24:34,2024-10-05 22:24:49, 19,TS
96,"kworker/R-write",2024-10-05 22:24:16,2024-10-05 22:24:34,2024-10-05 22:24:49, 39,TS
97,"kcompactd0",2024-10-05 22:24:16,2024-10-05 22:24:34,2024-10-05 22:24:49, 19,TS
98,"ksmd",2024-10-05 22:24:16,2024-10-05 22:24:34,2024-10-05 22:24:49, 14,TS
99,"khugepaged",2024-10-05 22:24:16,2024-10-05 22:24:34,2024-10-05 22:24:49,  0,TS
100,"kworker/R-kinte",2024-10-05 22:24:16,2024-10-05 22:24:34,2024-10-05 22:24:49, 39,TS
101,"kworker/R-kbloc",2024-10-05 22:24:16,2024-10-05 22:24:34,2024-10-05 22:24:49, 39,TS
102,"kworker/R-blkcg",2024-10-05 22:24:16,2024-10-05 22:24:34,2024-10-05 22:24:49, 39,TS
103,"irq/9-acpi",2024-10-05 22:24:16,2024-10-05 22:24:34,2024-10-05 22:24:49, 90,FF
106,"kworker/R-tpm_d",2024-10-05 22:24:16,2024-10-05 22:24:34,2024-10-05 22:24:49, 39,TS
107,"kworker/R-ata_s",2024-10-05 22:24:16,2024-10-05 22:24:34,2024-10-05 22:24:49, 39,TS
108,"kworker/R-md",2024-10-05 22:24:16,2024-10-05 22:24:34,2024-10-05 22:24:49, 39,TS
109,"kworker/R-md_bi",2024-10-05 22:24:16,2024-10-05 22:24:34,2024-10-05 22:24:49, 39,TS
110,"kworker/R-edac-",2024-10-05 22:24:17,2024-10-05 22:24:34,2024-10-05 22:24:49, 39,TS
112,"kworker/R-devfr",2024-10-05 22:24:17,2024-10-05 22:24:34,2024-10-05 22:24:49, 39,TS
113,"watchdogd",2024-10-05 22:24:17,2024-10-05 22:24:34,2024-10-05 22:24:49, 90,FF
114,"kworker/0:1H-kb",2024-10-05 22:24:17,2024-10-05 22:24:34,2024-10-05 22:24:49, 39,TS
116,"irq/25-AMD-Vi0-",2024-10-05 22:24:17,2024-10-05 22:24:34,2024-10-05 22:24:49, 90,FF
117,"irq/26-AMD-Vi0-",2024-10-05 22:24:17,2024-10-05 22:24:34,2024-10-05 22:24:49, 90,FF
118,"irq/27-AMD-Vi0-",2024-10-05 22:24:17,2024-10-05 22:24:34,2024-10-05 22:24:49, 90,FF
119,"kswapd0",2024-10-05 22:24:17,2024-10-05 22:24:34,2024-10-05 22:24:49, 19,TS
120,"ecryptfs-kthrea",2024-10-05 22:24:17,2024-10-05 22:24:34,2024-10-05 22:24:49, 19,TS
121,"kworker/R-kthro",2024-10-05 22:24:17,2024-10-05 22:24:34,2024-10-05 22:24:49, 39,TS
130,"kworker/R-acpi_",2024-10-05 22:24:17,2024-10-05 22:24:34,2024-10-05 22:24:49, 39,TS
132,"kworker/R-mld",2024-10-05 22:24:17,2024-10-05 22:24:34,2024-10-05 22:24:49, 39,TS
133,"kworker/1:1H-kb",2024-10-05 22:24:17,2024-10-05 22:24:34,2024-10-05 22:24:49, 39,TS
134,"kworker/R-ipv6_",2024-10-05 22:24:17,2024-10-05 22:24:34,2024-10-05 22:24:49, 39,TS
141,"kworker/R-kstrp",2024-10-05 22:24:18,2024-10-05 22:24:34,2024-10-05 22:24:49, 39,TS
143,"kworker/u27:0-h",2024-10-05 22:24:18,2024-10-05 22:24:34,2024-10-05 22:24:49, 39,TS
160,"kworker/R-charg",2024-10-05 22:24:18,2024-10-05 22:24:34,2024-10-05 22:24:49, 39,TS
179,"kworker/8:1H-kb",2024-10-05 22:24:18,2024-10-05 22:24:34,2024-10-05 22:24:49, 39,TS
193,"kworker/2:1H-kb",2024-10-05 22:24:18,2024-10-05 22:24:34,2024-10-05 22:24:49, 39,TS
194,"kworker/6:1H-kb",2024-10-05 22:24:18,2024-10-05 22:24:34,2024-10-05 22:24:49, 39,TS
195,"kworker/11:1H-k",2024-10-05 22:24:18,2024-10-05 22:24:34,2024-10-05 22:24:49, 39,TS
196,"kworker/5:1H-kb",2024-10-05 22:24:18,2024-10-05 22:24:34,2024-10-05 22:24:49, 39,TS
197,"kworker/7:1H-kb",2024-10-05 22:24:18,2024-10-05 22:24:34,2024-10-05 22:24:49, 39,TS
198,"kworker/10:1H-k",2024-10-05 22:24:18,2024-10-05 22:24:34,2024-10-05 22:24:49, 39,TS
199,"kworker/9:1H-kb",2024-10-05 22:24:18,2024-10-05 22:24:34,2024-10-05 22:24:49, 39,TS
200,"kworker/4:1H-kb",2024-10-05 22:24:18,2024-10-05 22:24:34,2024-10-05 22:24:49, 39,TS
224,"kworker/3:1H-kb",2024-10-05 22:24:18,2024-10-05 22:24:34,2024-10-05 22:24:49, 39,TS
265,"scsi_eh_0",2024-10-05 22:24:19,2024-10-05 22:24:34,2024-10-05 22:24:49, 19,TS
266,"kworker/R-scsi_",2024-10-05 22:24:19,2024-10-05 22:24:34,2024-10-05 22:24:49, 39,TS
267,"irq/32-MSFT0001",2024-10-05 22:24:19,2024-10-05 22:24:34,2024-10-05 22:24:49, 90,FF
269,"scsi_eh_1",2024-10-05 22:24:19,2024-10-05 22:24:34,2024-10-05 22:24:49, 19,TS
270,"kworker/R-scsi_",2024-10-05 22:24:19,2024-10-05 22:24:34,2024-10-05 22:24:49, 39,TS
272,"kworker/R-nvme-",2024-10-05 22:24:19,2024-10-05 22:24:34,2024-10-05 22:24:49, 39,TS
273,"kworker/R-nvme-",2024-10-05 22:24:19,2024-10-05 22:24:34,2024-10-05 22:24:49, 39,TS
274,"kworker/R-nvme-",2024-10-05 22:24:19,2024-10-05 22:24:34,2024-10-05 22:24:49, 39,TS
275,"kworker/R-nvme-",2024-10-05 22:24:19,2024-10-05 22:24:34,2024-10-05 22:24:49, 39,TS
300,"jbd2/sda3-8",2024-10-05 22:24:19,2024-10-05 22:24:34,2024-10-05 22:24:49, 19,TS
301,"kworker/R-ext4-",2024-10-05 22:24:19,2024-10-05 22:24:34,2024-10-05 22:24:49, 39,TS
345,"systemd-journal",2024-10-05 22:24:19,2024-10-05 22:24:34,2024-10-05 22:24:49, 20,TS
430,"systemd-udevd",2024-10-05 22:24:19,2024-10-05 22:24:34,2024-10-05 22:24:49, 19,TS
493,"kworker/R-crypt",2024-10-05 22:24:19,2024-10-05 22:24:34,2024-10-05 22:24:49, 39,TS
596,"kworker/R-cfg80",2024-10-05 22:24:20,2024-10-05 22:24:34,2024-10-05 22:24:49, 39,TS
679,"kworker/u27:1-h",2024-10-05 22:24:20,2024-10-05 22:24:34,2024-10-05 22:24:49, 39,TS
683,"irq/69-rtw88_pc",2024-10-05 22:24:20,2024-10-05 22:24:34,2024-10-05 22:24:49, 90,FF
761,"kworker/R-amdgp",2024-10-05 22:24:20,2024-10-05 22:24:34,2024-10-05 22:24:49, 39,TS
784,"systemd-oomd",2024-10-05 22:24:20,2024-10-05 22:24:34,2024-10-05 22:24:49, 19,TS
788,"systemd-resolve",2024-10-05 22:24:20,2024-10-05 22:24:34,2024-10-05 22:24:49, 19,TS
790,"systemd-timesyn",2024-10-05 22:24:20,2024-10-05 22:24:34,2024-10-05 22:24:49, 19,TS
797,"kworker/R-ttm",2024-10-05 22:24:20,2024-10-05 22:24:34,2024-10-05 22:24:49, 39,TS
824,"accounts-daemon",2024-10-05 22:24:20,2024-10-05 22:24:34,2024-10-05 22:24:49, 19,TS
825,"acpid",2024-10-05 22:24:20,2024-10-05 22:24:34,2024-10-05 22:24:49, 19,TS
827,"avahi-daemon",2024-10-05 22:24:20,2024-10-05 22:24:34,2024-10-05 22:24:49, 19,TS
828,"bluetoothd",2024-10-05 22:24:20,2024-10-05 22:24:34,2024-10-05 22:24:49, 19,TS
829,"cron",2024-10-05 22:24:20,2024-10-05 22:24:34,2024-10-05 22:24:49, 19,TS
830,"dbus-daemon",2024-10-05 22:24:21,2024-10-05 22:24:34,2024-10-05 22:24:49, 19,TS
831,"NetworkManager",2024-10-05 22:24:21,2024-10-05 22:24:34,2024-10-05 22:24:50, 19,TS
838,"irqbalance",2024-10-05 22:24:21,2024-10-05 22:24:34,2024-10-05 22:24:50, 19,TS
840,"networkd-dispat",2024-10-05 22:24:21,2024-10-05 22:24:35,2024-10-05 22:24:50, 19,TS
842,"polkitd",2024-10-05 22:24:21,2024-10-05 22:24:35,2024-10-05 22:24:50, 19,TS
845,"power-profiles-",2024-10-05 22:24:21,2024-10-05 22:24:35,2024-10-05 22:24:50, 19,TS
848,"rsyslogd",2024-10-05 22:24:21,2024-10-05 22:24:35,2024-10-05 22:24:50, 19,TS
858,"snapd",2024-10-05 22:24:21,2024-10-05 22:24:35,2024-10-05 22:24:50, 19,TS
859,"switcheroo-cont",2024-10-05 22:24:21,2024-10-05 22:24:35,2024-10-05 22:24:50, 19,TS
860,"systemd-logind",2024-10-05 22:24:21,2024-10-05 22:24:35,2024-10-05 22:24:50, 19,TS
862,"udisksd",2024-10-05 22:24:21,2024-10-05 22:24:35,2024-10-05 22:24:50, 19,TS
863,"wpa_supplicant",2024-10-05 22:24:21,2024-10-05 22:24:35,2024-10-05 22:24:50, 19,TS
865,"avahi-daemon",2024-10-05 22:24:21,2024-10-05 22:24:35,2024-10-05 22:24:50, 19,TS
920,"cupsd",2024-10-05 22:24:21,2024-10-05 22:24:35,2024-10-05 22:24:50, 19,TS
933,"unattended-upgr",2024-10-05 22:24:22,2024-10-05 22:24:35,2024-10-05 22:24:50, 19,TS
935,"ModemManager",2024-10-05 22:24:22,2024-10-05 22:24:35,2024-10-05 22:24:50, 19,TS
962,"kworker/R-amdgp",2024-10-05 22:24:22,2024-10-05 22:24:35,2024-10-05 22:24:50, 39,TS
963,"kworker/R-amdgp",2024-10-05 22:24:22,2024-10-05 22:24:35,2024-10-05 22:24:50, 39,TS
964,"kworker/R-dm_vb",2024-10-05 22:24:22,2024-10-05 22:24:35,2024-10-05 22:24:50, 39,TS
976,"card1-crtc0",2024-10-05 22:24:22,2024-10-05 22:24:35,2024-10-05 22:24:50, 90,FF
977,"card1-crtc1",2024-10-05 22:24:22,2024-10-05 22:24:35,2024-10-05 22:24:50, 90,FF
978,"card1-crtc2",2024-10-05 22:24:22,2024-10-05 22:24:35,2024-10-05 22:24:50, 90,FF
979,"card1-crtc3",2024-10-05 22:24:22,2024-10-05 22:24:35,2024-10-05 22:24:50, 90,FF
988,"gdm3",2024-10-05 22:24:22,2024-10-05 22:24:35,2024-10-05 22:24:50, 19,TS
1105,"gdm-session-wor",2024-10-05 22:24:22,2024-10-05 22:24:35,2024-10-05 22:24:50, 19,TS
1116,"postgres",2024-10-05 22:24:22,2024-10-05 22:24:35,2024-10-05 22:24:50, 19,TS
1123,"postgres",2024-10-05 22:24:22,2024-10-05 22:24:35,2024-10-05 22:24:50, 19,TS
1124,"postgres",2024-10-05 22:24:23,2024-10-05 22:24:35,2024-10-05 22:24:50, 19,TS
1127,"postgres",2024-10-05 22:24:23,2024-10-05 22:24:35,2024-10-05 22:24:50, 19,TS
1128,"postgres",2024-10-05 22:24:23,2024-10-05 22:24:35,2024-10-05 22:24:50, 19,TS
1129,"postgres",2024-10-05 22:24:23,2024-10-05 22:24:35,2024-10-05 22:24:50, 19,TS
1141,"systemd",2024-10-05 22:24:23,2024-10-05 22:24:35,2024-10-05 22:24:50, 19,TS
1142,"(sd-pam)",2024-10-05 22:24:23,2024-10-05 22:24:35,2024-10-05 22:24:50, 19,TS
1149,"pipewire",2024-10-05 22:24:23,2024-10-05 22:24:35,2024-10-05 22:24:50, 30,TS
1150,"pipewire-media-",2024-10-05 22:24:23,2024-10-05 22:24:35,2024-10-05 22:24:50, 19,TS
1151,"pulseaudio",2024-10-05 22:24:23,2024-10-05 22:24:35,2024-10-05 22:24:50, 30,TS
1175,"apache2",2024-10-05 22:24:23,2024-10-05 22:24:35,2024-10-05 22:24:50, 19,TS
1176,"apache2",2024-10-05 22:24:23,2024-10-05 22:24:35,2024-10-05 22:24:50, 19,TS
1177,"apache2",2024-10-05 22:24:23,2024-10-05 22:24:35,2024-10-05 22:24:50, 19,TS
1178,"apache2",2024-10-05 22:24:23,2024-10-05 22:24:35,2024-10-05 22:24:50, 19,TS
1179,"dbus-daemon",2024-10-05 22:24:23,2024-10-05 22:24:35,2024-10-05 22:24:50, 19,TS
1181,"gnome-keyring-d",2024-10-05 22:24:24,2024-10-05 22:24:35,2024-10-05 22:24:50, 19,TS
1186,"rtkit-daemon",2024-10-05 22:24:24,2024-10-05 22:24:35,2024-10-05 22:24:50, 18,TS
1187,"gdm-wayland-ses",2024-10-05 22:24:24,2024-10-05 22:24:35,2024-10-05 22:24:50, 19,TS
1277,"gnome-session-b",2024-10-05 22:24:24,2024-10-05 22:24:35,2024-10-05 22:24:50, 19,TS
1278,"xdg-document-po",2024-10-05 22:24:24,2024-10-05 22:24:35,2024-10-05 22:24:50, 19,TS
1291,"xdg-permission-",2024-10-05 22:24:24,2024-10-05 22:24:35,2024-10-05 22:24:50, 19,TS
1305,"fusermount3",2024-10-05 22:24:24,2024-10-05 22:24:35,2024-10-05 22:24:50, 19,TS
1359,"gnome-session-c",2024-10-05 22:24:24,2024-10-05 22:24:35,2024-10-05 22:24:50, 19,TS
1369,"gvfsd",2024-10-05 22:24:24,2024-10-05 22:24:35,2024-10-05 22:24:50, 19,TS
1378,"gvfsd-fuse",2024-10-05 22:24:24,2024-10-05 22:24:35,2024-10-05 22:24:50, 19,TS
1383,"gnome-session-b",2024-10-05 22:24:24,2024-10-05 22:24:35,2024-10-05 22:24:50, 19,TS
1411,"at-spi-bus-laun",2024-10-05 22:24:24,2024-10-05 22:24:35,2024-10-05 22:24:50, 19,TS
1422,"dbus-daemon",2024-10-05 22:24:24,2024-10-05 22:24:35,2024-10-05 22:24:50, 19,TS
1425,"gnome-shell",2024-10-05 22:24:24,2024-10-05 22:24:35,2024-10-05 22:24:50, 19,TS
1464,"krfcommd",2024-10-05 22:24:25,2024-10-05 22:24:35,2024-10-05 22:24:50, 29,TS
1518,"gnome-shell-cal",2024-10-05 22:24:25,2024-10-05 22:24:35,2024-10-05 22:24:50, 19,TS
1521,"upowerd",2024-10-05 22:24:25,2024-10-05 22:24:35,2024-10-05 22:24:50, 19,TS
1527,"evolution-sourc",2024-10-05 22:24:25,2024-10-05 22:24:35,2024-10-05 22:24:50, 19,TS
1537,"dconf-service",2024-10-05 22:24:25,2024-10-05 22:24:35,2024-10-05 22:24:50, 19,TS
1549,"gvfs-udisks2-vo",2024-10-05 22:24:25,2024-10-05 22:24:35,2024-10-05 22:24:50, 19,TS
1552,"goa-daemon",2024-10-05 22:24:25,2024-10-05 22:24:35,2024-10-05 22:24:50, 19,TS
1562,"evolution-calen",2024-10-05 22:24:25,2024-10-05 22:24:35,2024-10-05 22:24:50, 19,TS
1563,"gvfs-afc-volume",2024-10-05 22:24:25,2024-10-05 22:24:35,2024-10-05 22:24:50, 19,TS
1570,"gvfs-gphoto2-vo",2024-10-05 22:24:25,2024-10-05 22:24:35,2024-10-05 22:24:50, 19,TS
1574,"cups-browsed",2024-10-05 22:24:25,2024-10-05 22:24:35,2024-10-05 22:24:50, 19,TS
1581,"kerneloops",2024-10-05 22:24:25,2024-10-05 22:24:35,2024-10-05 22:24:50, 19,TS
1583,"kerneloops",2024-10-05 22:24:25,2024-10-05 22:24:35,2024-10-05 22:24:50, 19,TS
1588,"gvfs-goa-volume",2024-10-05 22:24:25,2024-10-05 22:24:35,2024-10-05 22:24:50, 19,TS
1609,"goa-identity-se",2024-10-05 22:24:25,2024-10-05 22:24:35,2024-10-05 22:24:50, 19,TS
1613,"gvfs-mtp-volume",2024-10-05 22:24:25,2024-10-05 22:24:35,2024-10-05 22:24:50, 19,TS
1621,"snapd-desktop-i",2024-10-05 22:24:25,2024-10-05 22:24:35,2024-10-05 22:24:50, 19,TS
1652,"evolution-addre",2024-10-05 22:24:25,2024-10-05 22:24:35,2024-10-05 22:24:50, 19,TS
1662,"packagekitd",2024-10-05 22:24:26,2024-10-05 22:24:35,2024-10-05 22:24:51, 19,TS
1693,"snapd-desktop-i",2024-10-05 22:24:26,2024-10-05 22:24:35,2024-10-05 22:24:51, 19,TS
1718,"gjs",2024-10-05 22:24:26,2024-10-05 22:24:36,2024-10-05 22:24:51, 19,TS
1720,"at-spi2-registr",2024-10-05 22:24:26,2024-10-05 22:24:36,2024-10-05 22:24:51, 19,TS
1737,"gvfsd-trash",2024-10-05 22:24:26,2024-10-05 22:24:36,2024-10-05 22:24:51, 19,TS
1743,"sh",2024-10-05 22:24:26,2024-10-05 22:24:36,2024-10-05 22:24:51, 19,TS
1744,"gsd-a11y-settin",2024-10-05 22:24:26,2024-10-05 22:24:36,2024-10-05 22:24:51, 19,TS
1746,"ibus-daemon",2024-10-05 22:24:26,2024-10-05 22:24:36,2024-10-05 22:24:51, 19,TS
1748,"gsd-color",2024-10-05 22:24:26,2024-10-05 22:24:36,2024-10-05 22:24:51, 19,TS
1750,"gsd-datetime",2024-10-05 22:24:26,2024-10-05 22:24:36,2024-10-05 22:24:51, 19,TS
1752,"gsd-housekeepin",2024-10-05 22:24:26,2024-10-05 22:24:36,2024-10-05 22:24:51, 19,TS
1754,"gsd-keyboard",2024-10-05 22:24:26,2024-10-05 22:24:36,2024-10-05 22:24:51, 19,TS
1755,"gsd-media-keys",2024-10-05 22:24:26,2024-10-05 22:24:36,2024-10-05 22:24:51, 19,TS
1756,"gsd-power",2024-10-05 22:24:26,2024-10-05 22:24:36,2024-10-05 22:24:51, 19,TS
1758,"gsd-print-notif",2024-10-05 22:24:26,2024-10-05 22:24:36,2024-10-05 22:24:51, 19,TS
1760,"gsd-rfkill",2024-10-05 22:24:26,2024-10-05 22:24:36,2024-10-05 22:24:51, 19,TS
1761,"gsd-screensaver",2024-10-05 22:24:26,2024-10-05 22:24:36,2024-10-05 22:24:51, 19,TS
1762,"gsd-sharing",2024-10-05 22:24:26,2024-10-05 22:24:36,2024-10-05 22:24:51, 19,TS
1763,"gsd-smartcard",2024-10-05 22:24:26,2024-10-05 22:24:36,2024-10-05 22:24:51, 19,TS
1764,"gsd-sound",2024-10-05 22:24:27,2024-10-05 22:24:36,2024-10-05 22:24:51, 19,TS
1767,"gsd-wacom",2024-10-05 22:24:27,2024-10-05 22:24:36,2024-10-05 22:24:51, 19,TS
1832,"gsd-disk-utilit",2024-10-05 22:24:27,2024-10-05 22:24:36,2024-10-05 22:24:51, 19,TS
1851,"ibus-memconf",2024-10-05 22:24:27,2024-10-05 22:24:36,2024-10-05 22:24:51, 19,TS
1854,"evolution-alarm",2024-10-05 22:24:27,2024-10-05 22:24:36,2024-10-05 22:24:51, 19,TS
1856,"ibus-extension-",2024-10-05 22:24:27,2024-10-05 22:24:36,2024-10-05 22:24:51, 19,TS
1867,"ibus-portal",2024-10-05 22:24:27,2024-10-05 22:24:36,2024-10-05 22:24:51, 19,TS
1887,"snap-store",2024-10-05 22:24:27,2024-10-05 22:24:36,2024-10-05 22:24:51, 19,TS
1913,"gsd-printer",2024-10-05 22:24:27,2024-10-05 22:24:36,2024-10-05 22:24:51, 19,TS
1969,"ibus-engine-sim",2024-10-05 22:24:27,2024-10-05 22:24:36,2024-10-05 22:24:51, 19,TS
1994,"colord",2024-10-05 22:24:27,2024-10-05 22:24:36,2024-10-05 22:24:51, 19,TS
1997,"tracker-miner-f",2024-10-05 22:24:27,2024-10-05 22:24:36,2024-10-05 22:24:51,  0,IDL
2004,"gjs",2024-10-05 22:24:27,2024-10-05 22:24:36,2024-10-05 22:24:51, 19,TS
2040,"xdg-desktop-por",2024-10-05 22:24:27,2024-10-05 22:24:36,2024-10-05 22:24:51, 19,TS
2062,"xdg-desktop-por",2024-10-05 22:24:27,2024-10-05 22:24:36,2024-10-05 22:24:51, 19,TS
2109,"xdg-desktop-por",2024-10-05 22:24:27,2024-10-05 22:24:36,2024-10-05 22:24:51, 19,TS
2163,"gvfsd-metadata",2024-10-05 22:24:27,2024-10-05 22:24:36,2024-10-05 22:24:51, 19,TS
2337,"Xwayland",2024-10-05 22:24:27,2024-10-05 22:24:36,2024-10-05 22:24:51, 19,TS
2427,"gsd-xsettings",2024-10-05 22:24:27,2024-10-05 22:24:36,2024-10-05 22:24:51, 19,TS
2572,"ibus-x11",2024-10-05 22:24:27,2024-10-05 22:24:36,2024-10-05 22:24:51, 19,TS
4529,"update-notifier",2024-10-05 22:24:28,2024-10-05 22:24:36,2024-10-05 22:24:51, 19,TS
6064,"gvfsd-network",2024-10-05 22:24:28,2024-10-05 22:24:36,2024-10-05 22:24:51, 19,TS
6080,"gvfsd-dnssd",2024-10-05 22:24:28,2024-10-05 22:24:36,2024-10-05 22:24:51, 19,TS
6790,"gvfsd-http",2024-10-05 22:24:28,2024-10-05 22:24:36,2024-10-05 22:24:51, 19,TS
79003,"kworker/7:0-cgr",2024-10-05 22:24:28,2024-10-05 22:24:36,2024-10-05 22:24:51, 19,TS
79263,"kworker/5:1-eve",2024-10-05 22:24:28,2024-10-05 22:24:36,2024-10-05 22:24:51, 19,TS
277686,"kworker/3:0-mm_",2024-10-05 22:24:28,2024-10-05 22:24:36,2024-10-05 22:24:51, 19,TS
375759,"kworker/4:1-eve",2024-10-05 22:24:28,2024-10-05 22:24:36,2024-10-05 22:24:51, 19,TS
454514,"kworker/1:1-eve",2024-10-05 22:24:28,2024-10-05 22:24:36,2024-10-05 22:24:51, 19,TS
698176,"kworker/u25:5-e",2024-10-05 22:24:28,2024-10-05 22:24:36,2024-10-05 22:24:51, 19,TS
734061,"kworker/6:1-mm_",2024-10-05 22:24:28,2024-10-05 22:24:36,2024-10-05 22:24:51, 19,TS
734062,"kworker/10:1-ev",2024-10-05 22:24:28,2024-10-05 22:24:36,2024-10-05 22:24:51, 19,TS
847990,"kworker/u25:2-e",2024-10-05 22:24:28,2024-10-05 22:24:36,2024-10-05 22:24:51, 19,TS
847991,"Discord",2024-10-05 22:24:28,2024-10-05 22:24:36,2024-10-05 22:24:51, 19,TS
848061,"Discord",2024-10-05 22:24:28,2024-10-05 22:24:36,2024-10-05 22:24:51, 19,TS
848062,"Discord",2024-10-05 22:24:28,2024-10-05 22:24:36,2024-10-05 22:24:51, 19,TS
848075,"chrome_crashpad",2024-10-05 22:24:28,2024-10-05 22:24:36,2024-10-05 22:24:51, 19,TS
848120,"Discord",2024-10-05 22:24:28,2024-10-05 22:24:36,2024-10-05 22:24:51, 19,TS
848131,"Discord",2024-10-05 22:24:29,2024-10-05 22:24:36,2024-10-05 22:24:51, 19,TS
848202,"Discord",2024-10-05 22:24:29,2024-10-05 22:24:36,2024-10-05 22:24:51, 19,TS
848238,"Discord",2024-10-05 22:24:29,2024-10-05 22:24:36,2024-10-05 22:24:51, 19,TS
849189,"kworker/9:0-mm_",2024-10-05 22:24:29,2024-10-05 22:24:36,2024-10-05 22:24:51, 19,TS
849663,"gnome-terminal-",2024-10-05 22:24:29,2024-10-05 22:24:36,2024-10-05 22:24:51, 19,TS
849681,"bash",2024-10-05 22:24:29,2024-10-05 22:24:36,2024-10-05 22:24:51, 19,TS
897802,"kworker/u28:8-t",2024-10-05 22:24:29,2024-10-05 22:24:36,2024-10-05 22:24:51, 39,TS
897851,"kworker/0:1-eve",2024-10-05 22:24:29,2024-10-05 22:24:36,2024-10-05 22:24:51, 19,TS
908792,"kworker/u25:1-f",2024-10-05 22:24:29,2024-10-05 22:24:36,2024-10-05 22:24:51, 19,TS
937111,"kworker/u28:0-r",2024-10-05 22:24:29,2024-10-05 22:24:36,2024-10-05 22:24:51, 39,TS
945686,"chrome",2024-10-05 22:24:29,2024-10-05 22:24:43,2024-10-05 22:24:59,Unknown,Unknown
945701,"cat",2024-10-05 22:24:29,2024-10-05 22:24:43,2024-10-05 22:24:59,Unknown,Unknown
945702,"cat",2024-10-05 22:24:29,2024-10-05 22:24:43,2024-10-05 22:24:59,Unknown,Unknown
945725,"chrome_crashpad",2024-10-05 22:24:29,2024-10-05 22:24:43,2024-10-05 22:24:59,Unknown,Unknown
945728,"chrome_crashpad",2024-10-05 22:24:29,2024-10-05 22:24:43,2024-10-05 22:24:59,Unknown,Unknown
945739,"chrome",2024-10-05 22:24:29,2024-10-05 22:24:43,2024-10-05 22:24:59,Unknown,Unknown
945741,"chrome",2024-10-05 22:24:30,2024-10-05 22:24:43,2024-10-05 22:24:59,Unknown,Unknown
945761,"chrome",2024-10-05 22:24:30,2024-10-05 22:24:43,2024-10-05 22:24:59,Unknown,Unknown
945857,"chrome",2024-10-05 22:24:30,2024-10-05 22:24:43,2024-10-05 22:24:59,Unknown,Unknown
945876,"chrome",2024-10-05 22:24:30,2024-10-05 22:24:43,2024-10-05 22:24:59,Unknown,Unknown
945922,"chrome",2024-10-05 22:24:30,2024-10-05 22:24:43,2024-10-05 22:24:59,Unknown,Unknown
946540,"kworker/u26:0-w",2024-10-05 22:24:30,2024-10-05 22:24:36,2024-10-05 22:24:51, 19,TS
946979,"chrome",2024-10-05 22:24:30,2024-10-05 22:24:43,2024-10-05 22:24:59,Unknown,Unknown
949957,"chrome",2024-10-05 22:24:30,2024-10-05 22:24:43,2024-10-05 22:24:59,Unknown,Unknown
950271,"chrome",2024-10-05 22:24:30,2024-10-05 22:24:43,2024-10-05 22:24:59,Unknown,Unknown
966839,"kworker/11:2-mm",2024-10-05 22:24:30,2024-10-05 22:24:36,2024-10-05 22:24:51, 19,TS
966873,"kworker/5:2-eve",2024-10-05 22:24:30,2024-10-05 22:24:36,2024-10-05 22:24:51, 19,TS
966875,"kworker/2:0-eve",2024-10-05 22:24:30,2024-10-05 22:24:43,2024-10-05 22:24:59,Unknown,Unknown
966885,"kworker/u29:1-r",2024-10-05 22:24:30,2024-10-05 22:24:36,2024-10-05 22:24:51, 39,TS
966995,"gjs",2024-10-05 22:24:30,2024-10-05 22:24:36,2024-10-05 22:24:52, 19,TS
967093,"kworker/u24:2-g",2024-10-05 22:24:30,2024-10-05 22:24:36,2024-10-05 22:24:52, 19,TS
967298,"kworker/8:0-eve",2024-10-05 22:24:30,2024-10-05 22:24:36,2024-10-05 22:24:52, 19,TS
967300,"kworker/10:2-ev",2024-10-05 22:24:31,2024-10-05 22:24:37,2024-10-05 22:24:52, 19,TS
967455,"kworker/4:2-eve",2024-10-05 22:24:31,2024-10-05 22:24:37,2024-10-05 22:24:52, 19,TS
967458,"kworker/u24:1-g",2024-10-05 22:24:31,2024-10-05 22:24:37,2024-10-05 22:24:52, 19,TS
967460,"kworker/1:2-mm_",2024-10-05 22:24:31,2024-10-05 22:24:37,2024-10-05 22:24:52, 19,TS
967470,"kworker/u26:1-w",2024-10-05 22:24:31,2024-10-05 22:24:37,2024-10-05 22:24:52, 19,TS
967471,"kworker/8:2-ine",2024-10-05 22:24:31,2024-10-05 22:24:37,2024-10-05 22:24:52, 19,TS
967473,"kworker/2:2-usb",2024-10-05 22:24:31,2024-10-05 22:24:37,2024-10-05 22:24:52, 19,TS
967495,"kworker/7:1-ine",2024-10-05 22:24:31,2024-10-05 22:24:37,2024-10-05 22:24:52, 19,TS
967500,"kworker/u29:2-r",2024-10-05 22:24:31,2024-10-05 22:24:37,2024-10-05 22:24:52, 39,TS
967547,"kworker/6:0-eve",2024-10-05 22:24:31,2024-10-05 22:24:37,2024-10-05 22:24:52, 19,TS
967616,"kworker/11:1",2024-10-05 22:24:31,2024-10-05 22:24:37,2024-10-05 22:24:52, 19,TS
967663,"kworker/4:0-mm_",2024-10-05 22:24:31,2024-10-05 22:24:37,2024-10-05 22:24:52, 19,TS
967716,"kworker/u26:2-e",2024-10-05 22:24:31,2024-10-05 22:24:37,2024-10-05 22:24:52, 19,TS
967717,"kworker/3:2-eve",2024-10-05 22:24:31,2024-10-05 22:24:37,2024-10-05 22:24:52, 19,TS
967770,"kworker/9:2",2024-10-05 22:24:31,2024-10-05 22:24:37,2024-10-05 22:24:52, 19,TS
967771,"kworker/0:2-eve",2024-10-05 22:24:31,2024-10-05 22:24:37,2024-10-05 22:24:52, 19,TS
967773,"kworker/2:1-eve",2024-10-05 22:24:32,2024-10-05 22:24:37,2024-10-05 22:24:52, 19,TS
967821,"kworker/u28:1-r",2024-10-05 22:24:32,2024-10-05 22:24:37,2024-10-05 22:24:52, 39,TS
967822,"kworker/1:0-mm_",2024-10-05 22:24:32,2024-10-05 22:24:37,2024-10-05 22:24:52, 19,TS
967835,"chrome",2024-10-05 22:24:32,2024-10-05 22:24:43,2024-10-05 22:25:00,Unknown,Unknown
967912,"nautilus",2024-10-05 22:24:32,2024-10-05 22:24:43,2024-10-05 22:25:00,Unknown,Unknown
967977,"kworker/7:2-mm_",2024-10-05 22:24:32,2024-10-05 22:24:37,2024-10-05 22:24:52, 19,TS
967984,"kworker/u24:0",2024-10-05 22:24:32,2024-10-05 22:24:37,2024-10-05 22:24:52, 19,TS
967988,"kworker/0:0",2024-10-05 22:24:32,2024-10-05 22:24:37,2024-10-05 22:24:52, 19,TS
967994,"kworker/u25:0-e",2024-10-05 22:24:32,2024-10-05 22:24:37,2024-10-05 22:24:52, 19,TS
967995,"bash",2024-10-05 22:24:32,2024-10-05 22:24:37,2024-10-05 22:24:52, 19,TS
967996,"bash",2024-10-05 22:24:32,2024-10-05 22:24:37,2024-10-05 22:24:52, 19,TS
967998,"bash",2024-10-05 22:24:32,2024-10-05 22:24:37,2024-10-05 22:24:52, 19,TS
967999,"sleep",2024-10-05 22:24:32,2024-10-05 22:24:37,2024-10-05 22:24:52, 19,TS
968000,"ps",2024-10-05 22:24:32,2024-10-05 22:24:44,2024-10-05 22:25:00,Unknown,Unknown
968890,"kworker/u24:3-p",2024-10-05 22:24:47,2024-10-05 22:24:52,2024-10-05 22:25:07, 19,TS
969337,"kworker/u28:2-t",2024-10-05 22:24:47,2024-10-05 22:24:52,2024-10-05 22:25:07, 39,TS
969338,"kworker/u28:3-t",2024-10-05 22:24:47,2024-10-05 22:24:52,2024-10-05 22:25:07, 39,TS
969339,"kworker/u28:4-t",2024-10-05 22:24:47,2024-10-05 22:24:52,2024-10-05 22:25:07, 39,TS
969341,"kworker/u28:5-t",2024-10-05 22:24:47,2024-10-05 22:24:52,2024-10-05 22:25:07, 39,TS
969342,"kworker/u28:6-t",2024-10-05 22:24:47,2024-10-05 22:24:52,2024-10-05 22:25:08, 39,TS
969343,"kworker/u28:7",2024-10-05 22:24:47,2024-10-05 22:24:52,2024-10-05 22:25:08, 39,TS
969351,"kworker/u26:3",2024-10-05 22:24:47,2024-10-05 22:24:52,2024-10-05 22:25:08, 19,TS
969353,"kworker/8:1-eve",2024-10-05 22:24:47,2024-10-05 22:24:52,2024-10-05 22:25:08, 19,TS
969457,"kworker/2:0",2024-10-05 22:24:47,2024-10-05 22:24:52,2024-10-05 22:25:08, 19,TS
972360,"ps",2024-10-05 22:24:47,2024-10-05 22:25:00,2024-10-05 22:25:15,Unknown,Unknown
974790,"ps",2024-10-05 22:25:03,2024-10-05 22:25:16,2024-10-05 22:25:31,Unknown,Unknown
977152,"ps",2024-10-05 22:25:19,2024-10-05 22:25:31,2024-10-05 22:25:41,Unknown,Unknown
979518,"systemd-udevd",2024-10-05 22:25:34,2024-10-05 22:25:37,2024-10-05 22:25:41, 19,TS
979519,"kworker/8:3",2024-10-05 22:25:34,2024-10-05 22:25:37,2024-10-05 22:25:47, 19,TS
979520,"systemd-udevd",2024-10-05 22:25:34,2024-10-05 22:25:37,2024-10-05 22:25:41, 19,TS
979522,"ps",2024-10-05 22:25:34,2024-10-05 22:25:41,2024-10-05 22:25:52,Unknown,Unknown
980382,"kworker/2:3-eve",2024-10-05 22:25:44,2024-10-05 22:25:47,2024-10-05 22:25:57, 19,TS
980903,"chrome",2024-10-05 22:25:44,2024-10-05 22:25:47,2024-10-05 22:25:57, 19,TS
980908,"cat",2024-10-05 22:25:44,2024-10-05 22:25:47,2024-10-05 22:25:57, 19,TS
980909,"cat",2024-10-05 22:25:44,2024-10-05 22:25:47,2024-10-05 22:25:57, 19,TS
980911,"chrome_crashpad",2024-10-05 22:25:44,2024-10-05 22:25:47,2024-10-05 22:25:57, 19,TS
980913,"chrome_crashpad",2024-10-05 22:25:44,2024-10-05 22:25:47,2024-10-05 22:25:57, 19,TS
980923,"chrome",2024-10-05 22:25:44,2024-10-05 22:25:47,2024-10-05 22:25:57, 19,TS
980925,"chrome",2024-10-05 22:25:44,2024-10-05 22:25:47,2024-10-05 22:25:57, 19,TS
980927,"chrome",2024-10-05 22:25:44,2024-10-05 22:25:47,2024-10-05 22:25:57, 19,TS
980997,"chrome",2024-10-05 22:25:44,2024-10-05 22:25:47,2024-10-05 22:25:57, 19,TS
981001,"chrome",2024-10-05 22:25:44,2024-10-05 22:25:47,2024-10-05 22:25:57, 19,TS
981039,"chrome",2024-10-05 22:25:44,2024-10-05 22:25:47,2024-10-05 22:25:57, 19,TS
981778,"chrome",2024-10-05 22:25:44,2024-10-05 22:25:47,2024-10-05 22:25:57, 19,TS
981779,"chrome",2024-10-05 22:25:44,2024-10-05 22:25:47,2024-10-05 22:25:57, 19,TS
981829,"kworker/u29:0-r",2024-10-05 22:25:44,2024-10-05 22:25:47,2024-10-05 22:25:57, 39,TS
981830,"kworker/u29:3-t",2024-10-05 22:25:44,2024-10-05 22:25:47,2024-10-05 22:25:57, 39,TS
981831,"kworker/u29:4",2024-10-05 22:25:44,2024-10-05 22:25:47,2024-10-05 22:25:57, 39,TS
981894,"kworker/1:2",2024-10-05 22:25:44,2024-10-05 22:25:47,2024-10-05 22:25:57, 19,TS
981983,"chrome",2024-10-05 22:25:44,2024-10-05 22:25:47,2024-10-05 22:25:57, 19,TS
981986,"chrome",2024-10-05 22:25:44,2024-10-05 22:25:47,2024-10-05 22:25:52, 19,TS
982138,"kworker/u26:4-e",2024-10-05 22:25:44,2024-10-05 22:25:47,2024-10-05 22:25:57, 19,TS
982160,"chrom",2024-10-05 22:25:44,2024-10-05 22:25:52,2024-10-05 22:26:02,Unknown,Unknown
982188,"chrome",2024-10-05 22:25:44,2024-10-05 22:25:47,2024-10-05 22:25:57, 19,TS
982194,"chrome",2024-10-05 22:25:45,2024-10-05 22:25:47,2024-10-05 22:25:57, 19,TS
982203,"chrome",2024-10-05 22:25:45,2024-10-05 22:25:47,2024-10-05 22:25:52, 19,TS
982223,"ps",2024-10-05 22:25:45,2024-10-05 22:25:52,2024-10-05 22:26:02,Unknown,Unknown
982680,"chrome",2024-10-05 22:25:55,2024-10-05 22:25:57,2024-10-05 22:26:07, 19,TS
983080,"chrome",2024-10-05 22:25:55,2024-10-05 22:25:57,2024-10-05 22:26:07, 19,TS
984942,"chrome",2024-10-05 22:25:55,2024-10-05 22:25:57,2024-10-05 22:26:07, 19,TS
985008,"ps",2024-10-05 22:25:55,2024-10-05 22:26:02,2024-10-05 22:26:12,Unknown,Unknown
987597,"ps",2024-10-05 22:26:05,2024-10-05 22:26:12,2024-10-05 22:26:22,Unknown,Unknown
990182,"ps",2024-10-05 22:26:15,2024-10-05 22:26:22,2024-10-05 22:26:32,Unknown,Unknown
992767,"ps",2024-10-05 22:26:25,2024-10-05 22:26:32,2024-10-05 22:26:43,Unknown,Unknown
995349,"ps",2024-10-05 22:26:35,2024-10-05 22:26:43,2024-10-05 22:26:53,Unknown,Unknown
997940,"ps",2024-10-05 22:26:45,2024-10-05 22:26:53,2024-10-05 22:27:03,Unknown,Unknown
1000524,"ps",2024-10-05 22:26:55,2024-10-05 22:27:03,2024-10-05 22:27:13,Unknown,Unknown
1003109,"ps",2024-10-05 22:27:05,2024-10-05 22:27:13,2024-10-05 22:27:24,Unknown,Unknown
1005697,"sh",2024-10-05 22:27:15,2024-10-05 22:27:18,2024-10-05 22:27:24, 19,TS
1005730,"code",2024-10-05 22:27:15,2024-10-05 22:27:18,2024-10-05 22:27:24, 19,TS
1005738,"ps",2024-10-05 22:27:15,2024-10-05 22:27:24,2024-10-05 22:27:35,Unknown,Unknown
1005848,"code",2024-10-05 22:27:26,2024-10-05 22:27:29,2024-10-05 22:27:41, 19,TS
1005867,"code",2024-10-05 22:27:26,2024-10-05 22:27:29,2024-10-05 22:27:41, 19,TS
1005869,"code",2024-10-05 22:27:26,2024-10-05 22:27:29,2024-10-05 22:27:41, 19,TS
1006016,"chrome_crashpad",2024-10-05 22:27:26,2024-10-05 22:27:29,2024-10-05 22:27:41, 19,TS
1006098,"code",2024-10-05 22:27:26,2024-10-05 22:27:29,2024-10-05 22:27:41, 19,TS
1006167,"code",2024-10-05 22:27:26,2024-10-05 22:27:29,2024-10-05 22:27:41, 19,TS
1006294,"code",2024-10-05 22:27:26,2024-10-05 22:27:29,2024-10-05 22:27:41, 19,TS
1006341,"kworker/u29:5",2024-10-05 22:27:26,2024-10-05 22:27:29,2024-10-05 22:27:41, 39,TS
1007073,"code",2024-10-05 22:27:26,2024-10-05 22:27:30,2024-10-05 22:27:41, 19,TS
1007141,"code",2024-10-05 22:27:26,2024-10-05 22:27:30,2024-10-05 22:27:41, 19,TS
1007147,"code",2024-10-05 22:27:27,2024-10-05 22:27:30,2024-10-05 22:27:41, 19,TS
1008477,"code",2024-10-05 22:27:27,2024-10-05 22:27:30,2024-10-05 22:27:41, 19,TS
1008709,"code",2024-10-05 22:27:27,2024-10-05 22:27:30,2024-10-05 22:27:41, 19,TS
1008980,"code",2024-10-05 22:27:27,2024-10-05 22:27:30,2024-10-05 22:27:41, 19,TS
1009019,"bash",2024-10-05 22:27:27,2024-10-05 22:27:30,2024-10-05 22:27:41, 19,TS
1009488,"code",2024-10-05 22:27:27,2024-10-05 22:27:30,2024-10-05 22:27:41, 19,TS
1009502,"npm",2024-10-05 22:27:27,2024-10-05 22:27:30,2024-10-05 22:27:41, 19,TS
1009513,"sh",2024-10-05 22:27:27,2024-10-05 22:27:30,2024-10-05 22:27:41, 19,TS
1009514,"node",2024-10-05 22:27:27,2024-10-05 22:27:30,2024-10-05 22:27:41, 19,TS
1009525,"esbuild",2024-10-05 22:27:27,2024-10-05 22:27:30,2024-10-05 22:27:41, 19,TS
1009531,"ps",2024-10-05 22:27:27,2024-10-05 22:27:35,2024-10-05 22:27:46,Unknown,Unknown
1010584,"chrome",2024-10-05 22:27:38,2024-10-05 22:27:41,2024-10-05 22:27:52, 19,TS
1012501,"ps",2024-10-05 22:27:38,2024-10-05 22:27:46,2024-10-05 22:27:58,Unknown,Unknown
1015257,"ps",2024-10-05 22:27:49,2024-10-05 22:27:58,2024-10-05 22:28:09,Unknown,Unknown
1018019,"ps",2024-10-05 22:28:00,2024-10-05 22:28:09,2024-10-05 22:28:20,Unknown,Unknown
1018789,"code",2024-10-05 22:28:11,2024-10-05 22:28:14,2024-10-05 22:28:26, 19,TS
1018799,"code",2024-10-05 22:28:11,2024-10-05 22:28:14,2024-10-05 22:28:26, 19,TS
1018856,"code",2024-10-05 22:28:11,2024-10-05 22:28:14,2024-10-05 22:28:26, 19,TS
1019128,"code",2024-10-05 22:28:12,2024-10-05 22:28:14,2024-10-05 22:28:26, 19,TS
1020838,"ps",2024-10-05 22:28:12,2024-10-05 22:28:20,2024-10-05 22:28:32,Unknown,Unknown
1022641,"kworker/10:0-ev",2024-10-05 22:28:23,2024-10-05 22:28:26,2024-10-05 22:28:37, 19,TS
1022662,"kworker/4:2-eve",2024-10-05 22:28:23,2024-10-05 22:28:26,2024-10-05 22:28:37, 19,TS
1023647,"ps",2024-10-05 22:28:23,2024-10-05 22:28:32,2024-10-05 22:28:43,Unknown,Unknown
1026481,"kworker/9:1",2024-10-05 22:28:34,2024-10-05 22:28:37,2024-10-05 22:28:49, 19,TS
1026482,"ps",2024-10-05 22:28:34,2024-10-05 22:28:43,2024-10-05 22:28:55,Unknown,Unknown
1029302,"ps",2024-10-05 22:28:46,2024-10-05 22:28:55,2024-10-05 22:29:06,Unknown,Unknown
1029696,"kworker/7:1-eve",2024-10-05 22:28:57,2024-10-05 22:29:00,2024-10-05 22:29:12, 19,TS
1032183,"ps",2024-10-05 22:28:57,2024-10-05 22:29:06,2024-10-05 22:29:18,Unknown,Unknown
1035041,"chrome",2024-10-05 22:29:09,2024-10-05 22:29:12,2024-10-05 22:29:23, 19,TS
1035051,"chrome",2024-10-05 22:29:09,2024-10-05 22:29:12,2024-10-05 22:29:23, 19,TS
1035062,"ps",2024-10-05 22:29:09,2024-10-05 22:29:18,2024-10-05 22:29:29,Unknown,Unknown
1037940,"ps",2024-10-05 22:29:20,2024-10-05 22:29:29,2024-10-05 22:29:41,Unknown,Unknown
1040778,"ps",2024-10-05 22:29:32,2024-10-05 22:29:41,2024-10-05 22:29:52,Unknown,Unknown
1043281,"kworker/u25:1",2024-10-05 22:29:43,2024-10-05 22:29:46,2024-10-05 22:29:58, 19,TS
1043628,"ps",2024-10-05 22:29:43,2024-10-05 22:29:52,2024-10-05 22:30:04,Unknown,Unknown
1046179,"nautilus",2024-10-05 22:29:55,2024-10-05 22:29:58,2024-10-05 22:30:10, 19,TS
1046216,"systemd-hostnam",2024-10-05 22:29:55,2024-10-05 22:29:58,2024-10-05 22:30:10, 19,TS
1046547,"ps",2024-10-05 22:29:55,2024-10-05 22:30:04,2024-10-05 22:30:16,Unknown,Unknown
1046611,"kworker/3:1",2024-10-05 22:30:07,2024-10-05 22:30:10,2024-10-05 22:30:22, 19,TS
1046664,"kworker/6:2-eve",2024-10-05 22:30:07,2024-10-05 22:30:10,2024-10-05 22:30:22, 19,TS
1046871,"kworker/11:0-mm",2024-10-05 22:30:07,2024-10-05 22:30:10,2024-10-05 22:30:22, 19,TS
1049419,"kworker/u28:2",2024-10-05 22:30:07,2024-10-05 22:30:10,2024-10-05 22:30:22, 39,TS
1049458,"ps",2024-10-05 22:30:07,2024-10-05 22:30:16,2024-10-05 22:30:28,Unknown,Unknown
1052368,"ps",2024-10-05 22:30:19,2024-10-05 22:30:28,2024-10-05 22:30:41,Unknown,Unknown
1053467,"kworker/5:0",2024-10-05 22:30:31,2024-10-05 22:30:34,2024-10-05 22:30:46, 19,TS
1053468,"kworker/5:3-eve",2024-10-05 22:30:31,2024-10-05 22:30:34,2024-10-05 22:30:46, 19,TS
1053476,"kworker/0:2-eve",2024-10-05 22:30:31,2024-10-05 22:30:34,2024-10-05 22:30:46, 19,TS
1055274,"ps",2024-10-05 22:30:31,2024-10-05 22:30:41,2024-10-05 22:30:53,Unknown,Unknown
1058224,"ps",2024-10-05 22:30:43,2024-10-05 22:30:53,2024-10-05 22:31:05,Unknown,Unknown
1060521,"code",2024-10-05 22:30:55,2024-10-05 22:30:58,2024-10-05 22:31:10, 19,TS
1061144,"ps",2024-10-05 22:30:55,2024-10-05 22:31:05,2024-10-05 22:31:17,Unknown,Unknown
1064130,"ps",2024-10-05 22:31:07,2024-10-05 22:31:17,2024-10-05 22:31:29,Unknown,Unknown
1067016,"anacron",2024-10-05 22:31:19,2024-10-05 22:31:22,2024-10-05 22:31:34, 19,TS
1067028,"ps",2024-10-05 22:31:19,2024-10-05 22:31:29,2024-10-05 22:31:41,Unknown,Unknown
1069964,"ps",2024-10-05 22:31:31,2024-10-05 22:31:41,2024-10-05 22:31:52,Unknown,Unknown
1072483,"kworker/u26:0",2024-10-05 22:31:43,2024-10-05 22:31:46,2024-10-05 22:31:58, 19,TS
1072893,"ps",2024-10-05 22:31:43,2024-10-05 22:31:52,2024-10-05 22:32:04,Unknown,Unknown
1075831,"ps",2024-10-05 22:31:55,2024-10-05 22:32:04,2024-10-05 22:32:17,Unknown,Unknown
1078765,"git",2024-10-05 22:32:07,2024-10-05 22:32:17,2024-10-05 22:32:29,Unknown,Unknown
1078766,"ps",2024-10-05 22:32:07,2024-10-05 22:32:17,2024-10-05 22:32:29,Unknown,Unknown
1081248,"kworker/8:0",2024-10-05 22:32:19,2024-10-05 22:32:22,2024-10-05 22:32:34, 19,TS
1081701,"ps",2024-10-05 22:32:19,2024-10-05 22:32:29,2024-10-05 22:32:41,Unknown,Unknown
1084726,"ps",2024-10-05 22:32:31,2024-10-05 22:32:41,2024-10-05 22:32:53,Unknown,Unknown
1087657,"ps",2024-10-05 22:32:43,2024-10-05 22:32:53,2024-10-05 22:33:05,Unknown,Unknown
1090609,"ps",2024-10-05 22:32:55,2024-10-05 22:33:05,2024-10-05 22:33:17,Unknown,Unknown
1093539,"ps",2024-10-05 22:33:07,2024-10-05 22:33:17,2024-10-05 22:33:29,Unknown,Unknown
1095739,"kworker/u29:0",2024-10-05 22:33:19,2024-10-05 22:33:22,2024-10-05 22:33:35, 39,TS
1096564,"sh",2024-10-05 22:33:20,2024-10-05 22:33:29,2024-10-05 22:33:42, 19,TS
1096565,"cpuUsage.sh",2024-10-05 22:33:20,2024-10-05 22:33:29,2024-10-05 22:33:42, 19,TS
1096572,"sleep",2024-10-05 22:33:20,2024-10-05 22:33:29,2024-10-05 22:33:42,Unknown,Unknown
1096573,"ps",2024-10-05 22:33:20,2024-10-05 22:33:29,2024-10-05 22:33:42,Unknown,Unknown
1099564,"ps",2024-10-05 22:33:32,2024-10-05 22:33:42,2024-10-05 22:33:54,Unknown,Unknown
1100472,"kworker/1:0-eve",2024-10-05 22:33:44,2024-10-05 22:33:47,2024-10-05 22:34:00, 19,TS
1101035,"kworker/2:1-eve",2024-10-05 22:33:44,2024-10-05 22:33:47,2024-10-05 22:34:00, 19,TS
1102037,"kworker/u24:1-g",2024-10-05 22:33:44,2024-10-05 22:33:47,2024-10-05 22:34:00, 19,TS
1102525,"ps",2024-10-05 22:33:44,2024-10-05 22:33:54,2024-10-05 22:34:07,Unknown,Unknown
1105506,"ps",2024-10-05 22:33:57,2024-10-05 22:34:07,2024-10-05 22:34:19,Unknown,Unknown
1108476,"ps",2024-10-05 22:34:09,2024-10-05 22:34:19,2024-10-05 22:34:32,Unknown,Unknown
1111454,"ps",2024-10-05 22:34:22,2024-10-05 22:34:32,2024-10-05 22:34:44,Unknown,Unknown
1114429,"ps",2024-10-05 22:34:34,2024-10-05 22:34:44,2024-10-05 22:34:56,Unknown,Unknown
1117494,"ps",2024-10-05 22:34:47,2024-10-05 22:34:56,2024-10-05 22:35:10,Unknown,Unknown
1120360,"kworker/4:0",2024-10-05 22:34:59,2024-10-05 22:35:03,2024-10-05 22:35:15, 19,TS
1120361,"ps",2024-10-05 22:34:59,2024-10-05 22:35:10,2024-10-05 22:35:21,Unknown,Unknown
1120673,"kworker/9:2-kac",2024-10-05 22:35:12,2024-10-05 22:35:15,2024-10-05 22:35:26, 19,TS
1120692,"kworker/9:3-kac",2024-10-05 22:35:12,2024-10-05 22:35:15,2024-10-05 22:35:26, 19,TS
1120694,"kworker/9:4-eve",2024-10-05 22:35:12,2024-10-05 22:35:15,2024-10-05 22:35:26, 19,TS
1123258,"ps",2024-10-05 22:35:12,2024-10-05 22:35:21,2024-10-05 22:35:33,Unknown,Unknown
1126186,"ps",2024-10-05 22:35:24,2024-10-05 22:35:33,2024-10-05 22:35:45,Unknown,Unknown
1129070,"ps",2024-10-05 22:35:36,2024-10-05 22:35:45,2024-10-05 22:35:57,Unknown,Unknown
1131956,"kworker/3:2",2024-10-05 22:35:47,2024-10-05 22:35:50,2024-10-05 22:36:03, 19,TS
1131957,"ps",2024-10-05 22:35:47,2024-10-05 22:35:57,2024-10-05 22:36:12,Unknown,Unknown
1134851,"ps",2024-10-05 22:36:00,2024-10-05 22:36:12,2024-10-05 22:36:28,Unknown,Unknown
1134867,"kworker/9:5",2024-10-05 22:36:15,2024-10-05 22:36:19,2024-10-05 22:36:33, 19,TS
1137545,"kworker/6:0-mm_",2024-10-05 22:36:15,2024-10-05 22:36:19,2024-10-05 22:36:33, 19,TS
1137549,"kworker/6:3",2024-10-05 22:36:15,2024-10-05 22:36:19,2024-10-05 22:36:33, 19,TS
1137752,"ps",2024-10-05 22:36:15,2024-10-05 22:36:28,2024-10-05 22:36:40,Unknown,Unknown
1140712,"kworker/10:2-mm",2024-10-05 22:36:31,2024-10-05 22:36:33,2024-10-05 22:36:45, 19,TS
1140740,"kworker/10:3",2024-10-05 22:36:31,2024-10-05 22:36:33,2024-10-05 22:36:45, 19,TS
1140747,"systemd-udevd",2024-10-05 22:36:31,2024-10-05 22:36:33,2024-10-05 22:36:40, 19,TS
1140748,"systemd-udevd",2024-10-05 22:36:31,2024-10-05 22:36:33,2024-10-05 22:36:40, 19,TS
1140749,"ps",2024-10-05 22:36:31,2024-10-05 22:36:40,2024-10-05 22:36:52,Unknown,Unknown
1143717,"ps",2024-10-05 22:36:43,2024-10-05 22:36:52,2024-10-05 22:37:04,Unknown,Unknown
1146646,"ps",2024-10-05 22:36:55,2024-10-05 22:37:04,2024-10-05 22:37:18,Unknown,Unknown
1149624,"code",2024-10-05 22:37:07,2024-10-05 22:37:11,2024-10-05 22:37:24, 19,TS
1149626,"code",2024-10-05 22:37:07,2024-10-05 22:37:11,2024-10-05 22:37:24, 19,TS
1149627,"code",2024-10-05 22:37:07,2024-10-05 22:37:11,2024-10-05 22:37:24, 19,TS
1149646,"chrome_crashpad",2024-10-05 22:37:07,2024-10-05 22:37:11,2024-10-05 22:37:24, 19,TS
1149673,"code",2024-10-05 22:37:07,2024-10-05 22:37:11,2024-10-05 22:37:24, 19,TS
1149691,"code",2024-10-05 22:37:07,2024-10-05 22:37:11,2024-10-05 22:37:24, 19,TS
1149716,"code",2024-10-05 22:37:07,2024-10-05 22:37:11,2024-10-05 22:37:24, 19,TS
1149733,"kworker/u29:5",2024-10-05 22:37:07,2024-10-05 22:37:11,2024-10-05 22:37:24, 39,TS
1150000,"code",2024-10-05 22:37:07,2024-10-05 22:37:11,2024-10-05 22:37:24, 19,TS
1150010,"code",2024-10-05 22:37:07,2024-10-05 22:37:11,2024-10-05 22:37:24, 19,TS
1150011,"code",2024-10-05 22:37:07,2024-10-05 22:37:11,2024-10-05 22:37:24, 19,TS
1150041,"ps",2024-10-05 22:37:07,2024-10-05 22:37:19,2024-10-05 22:37:32,Unknown,Unknown
1150714,"code",2024-10-05 22:37:21,2024-10-05 22:37:24,2024-10-05 22:37:37, 19,TS
1150824,"code",2024-10-05 22:37:21,2024-10-05 22:37:24,2024-10-05 22:37:37, 19,TS
1151193,"code",2024-10-05 22:37:21,2024-10-05 22:37:24,2024-10-05 22:37:37, 19,TS
1151200,"code",2024-10-05 22:37:21,2024-10-05 22:37:24,2024-10-05 22:37:37, 19,TS
1151224,"bash",2024-10-05 22:37:21,2024-10-05 22:37:24,2024-10-05 22:37:37, 19,TS
1151642,"code",2024-10-05 22:37:21,2024-10-05 22:37:24,2024-10-05 22:37:37, 19,TS
1151701,"code",2024-10-05 22:37:21,2024-10-05 22:37:24,2024-10-05 22:37:37, 19,TS
1152460,"kworker/u25:0",2024-10-05 22:37:21,2024-10-05 22:37:24,2024-10-05 22:37:37, 19,TS
1153224,"code",2024-10-05 22:37:21,2024-10-05 22:37:24,2024-10-05 22:37:37, 19,TS
1153866,"ps",2024-10-05 22:37:21,2024-10-05 22:37:32,2024-10-05 22:37:45,Unknown,Unknown
1157003,"ps",2024-10-05 22:37:34,2024-10-05 22:37:45,2024-10-05 22:37:58,Unknown,Unknown
1159498,"kworker/u28:1",2024-10-05 22:37:47,2024-10-05 22:37:50,2024-10-05 22:38:04, 39,TS
1160103,"ps",2024-10-05 22:37:47,2024-10-05 22:37:58,2024-10-05 22:38:11,Unknown,Unknown
1163229,"ps",2024-10-05 22:38:01,2024-10-05 22:38:11,2024-10-05 22:38:25,Unknown,Unknown
1166326,"ps",2024-10-05 22:38:14,2024-10-05 22:38:25,2024-10-05 22:38:38,Unknown,Unknown
1169416,"ps",2024-10-05 22:38:27,2024-10-05 22:38:38,2024-10-05 22:38:51,Unknown,Unknown
1172520,"ps",2024-10-05 22:38:40,2024-10-05 22:38:51,2024-10-05 22:39:04,Unknown,Unknown
1175652,"ps",2024-10-05 22:38:53,2024-10-05 22:39:04,2024-10-05 22:39:17,Unknown,Unknown
1176263,"code",2024-10-05 22:39:06,2024-10-05 22:39:09,2024-10-05 22:39:22, 19,TS
1178769,"kworker/2:0",2024-10-05 22:39:06,2024-10-05 22:39:09,2024-10-05 22:39:22, 19,TS
1178770,"ps",2024-10-05 22:39:06,2024-10-05 22:39:17,2024-10-05 22:39:31,Unknown,Unknown
1181890,"ps",2024-10-05 22:39:20,2024-10-05 22:39:31,2024-10-05 22:39:44,Unknown,Unknown
1185006,"ps",2024-10-05 22:39:33,2024-10-05 22:39:44,2024-10-05 22:39:57,Unknown,Unknown
1188129,"ps",2024-10-05 22:39:46,2024-10-05 22:39:57,2024-10-05 22:40:11,Unknown,Unknown
1190831,"kworker/8:2-mm_",2024-10-05 22:40:00,2024-10-05 22:40:03,2024-10-05 22:40:16, 19,TS
1191250,"ps",2024-10-05 22:40:00,2024-10-05 22:40:11,2024-10-05 22:40:24,Unknown,Unknown
1194384,"ps",2024-10-05 22:40:13,2024-10-05 22:40:24,2024-10-05 22:40:37,Unknown,Unknown
1197286,"kworker/11:2",2024-10-05 22:40:26,2024-10-05 22:40:29,2024-10-05 22:40:43, 19,TS
1197511,"ps",2024-10-05 22:40:26,2024-10-05 22:40:37,2024-10-05 22:40:51,Unknown,Unknown
1198528,"kworker/u24:3-s",2024-10-05 22:40:40,2024-10-05 22:40:43,2024-10-05 22:40:56, 19,TS
1200653,"ps",2024-10-05 22:40:40,2024-10-05 22:40:51,2024-10-05 22:41:04,Unknown,Unknown
1203806,"ps",2024-10-05 22:40:53,2024-10-05 22:41:04,2024-10-05 22:41:18,Unknown,Unknown
1206958,"ps",2024-10-05 22:41:07,2024-10-05 22:41:18,2024-10-05 22:41:31,Unknown,Unknown
1209716,"kworker/0:0",2024-10-05 22:41:20,2024-10-05 22:41:23,2024-10-05 22:41:36, 19,TS
1210124,"ps",2024-10-05 22:41:20,2024-10-05 22:41:31,2024-10-05 22:41:44,Unknown,Unknown
1211011,"kworker/4:2-mm_",2024-10-05 22:41:34,2024-10-05 22:41:36,2024-10-05 22:41:50, 19,TS
1213290,"ps",2024-10-05 22:41:34,2024-10-05 22:41:45,2024-10-05 22:41:58,Unknown,Unknown
1216458,"ps",2024-10-05 22:41:47,2024-10-05 22:41:58,2024-10-05 22:42:12,Unknown,Unknown
1219650,"ps",2024-10-05 22:42:01,2024-10-05 22:42:12,2024-10-05 22:42:25,Unknown,Unknown
1222874,"ps",2024-10-05 22:42:14,2024-10-05 22:42:25,2024-10-05 22:42:39,Unknown,Unknown
1226060,"ps",2024-10-05 22:42:28,2024-10-05 22:42:39,2024-10-05 22:42:52,Unknown,Unknown
1226480,"bash",2024-10-05 22:42:41,2024-10-05 22:42:44,2024-10-05 22:42:58, 19,TS
1228087,"npm",2024-10-05 22:42:41,2024-10-05 22:42:44,2024-10-05 22:42:58, 19,TS
1228197,"sh",2024-10-05 22:42:41,2024-10-05 22:42:44,2024-10-05 22:42:58, 19,TS
1228198,"node",2024-10-05 22:42:41,2024-10-05 22:42:44,2024-10-05 22:42:58, 19,TS
1228314,"esbuild",2024-10-05 22:42:41,2024-10-05 22:42:44,2024-10-05 22:42:58, 19,TS
1228445,"kworker/u25:0",2024-10-05 22:42:41,2024-10-05 22:42:44,2024-10-05 22:42:58, 19,TS
1228577,"chrome",2024-10-05 22:42:41,2024-10-05 22:42:44,2024-10-05 22:42:58, 19,TS
1228600,"kworker/10:1",2024-10-05 22:42:41,2024-10-05 22:42:44,2024-10-05 22:42:58, 19,TS
1229474,"ps",2024-10-05 22:42:41,2024-10-05 22:42:53,2024-10-05 22:43:06,Unknown,Unknown
1229990,"kworker/5:0-mm_",2024-10-05 22:42:55,2024-10-05 22:42:58,2024-10-05 22:43:12, 19,TS
1232682,"kworker/u28:1",2024-10-05 22:42:55,2024-10-05 22:42:58,2024-10-05 22:43:12, 39,TS
1232765,"sh",2024-10-05 22:42:55,2024-10-05 22:43:07,2024-10-05 22:43:21,Unknown,Unknown
1232766,"cpuUsage.sh",2024-10-05 22:42:55,2024-10-05 22:43:07,2024-10-05 22:43:21,Unknown,Unknown
1232773,"sleep",2024-10-05 22:42:55,2024-10-05 22:43:07,2024-10-05 22:43:21,Unknown,Unknown
1232774,"ps",2024-10-05 22:42:55,2024-10-05 22:43:07,2024-10-05 22:43:21,Unknown,Unknown
1236060,"ps",2024-10-05 22:43:09,2024-10-05 22:43:21,2024-10-05 22:43:35,Unknown,Unknown
1238131,"kworker/u26:2-e",2024-10-05 22:43:23,2024-10-05 22:43:26,2024-10-05 22:43:40, 19,TS
1239280,"ps",2024-10-05 22:43:23,2024-10-05 22:43:35,2024-10-05 22:43:49,Unknown,Unknown
1242516,"ps",2024-10-05 22:43:37,2024-10-05 22:43:49,2024-10-05 22:44:03,Unknown,Unknown
1243196,"kworker/3:1",2024-10-05 22:43:51,2024-10-05 22:43:54,2024-10-05 22:44:08, 19,TS
1244923,"chrome",2024-10-05 22:43:51,2024-10-05 22:43:54,2024-10-05 22:44:08, 19,TS
1245766,"ps",2024-10-05 22:43:51,2024-10-05 22:44:03,2024-10-05 22:44:17,Unknown,Unknown
1249046,"ps",2024-10-05 22:44:05,2024-10-05 22:44:17,2024-10-05 22:44:31,Unknown,Unknown
1252317,"ps",2024-10-05 22:44:19,2024-10-05 22:44:31,2024-10-05 22:44:45,Unknown,Unknown
1255571,"ps",2024-10-05 22:44:33,2024-10-05 22:44:45,2024-10-05 22:44:59,Unknown,Unknown
1256355,"kworker/2:1-eve",2024-10-05 22:44:47,2024-10-05 22:44:50,2024-10-05 22:45:04, 19,TS
1258822,"ps",2024-10-05 22:44:47,2024-10-05 22:44:59,2024-10-05 22:45:13,Unknown,Unknown
1262107,"kworker/u25:3",2024-10-05 22:45:02,2024-10-05 22:45:04,2024-10-05 22:45:19, 19,TS
1262111,"ps",2024-10-05 22:45:02,2024-10-05 22:45:13,2024-10-05 22:45:28,Unknown,Unknown
1265432,"ps",2024-10-05 22:45:16,2024-10-05 22:45:28,2024-10-05 22:45:42,Unknown,Unknown
1268703,"ps",2024-10-05 22:45:30,2024-10-05 22:45:42,2024-10-05 22:45:56,Unknown,Unknown
1271987,"ps",2024-10-05 22:45:45,2024-10-05 22:45:56,2024-10-05 22:46:11,Unknown,Unknown
1274738,"kworker/u24:0-g",2024-10-05 22:45:59,2024-10-05 22:46:02,2024-10-05 22:46:16, 19,TS
1275261,"ps",2024-10-05 22:45:59,2024-10-05 22:46:11,2024-10-05 22:46:25,Unknown,Unknown
1278540,"ps",2024-10-05 22:46:13,2024-10-05 22:46:25,2024-10-05 22:46:39,Unknown,Unknown
1281820,"ps",2024-10-05 22:46:27,2024-10-05 22:46:39,2024-10-05 22:46:53,Unknown,Unknown
1285129,"ps",2024-10-05 22:46:42,2024-10-05 22:46:53,2024-10-05 22:47:08,Unknown,Unknown
1288447,"ps",2024-10-05 22:46:56,2024-10-05 22:47:08,2024-10-05 22:47:22,Unknown,Unknown
1288824,"kworker/4:0",2024-10-05 22:47:10,2024-10-05 22:47:13,2024-10-05 22:47:28, 19,TS
1291345,"kworker/0:1",2024-10-05 22:47:10,2024-10-05 22:47:13,2024-10-05 22:47:28, 19,TS
1291734,"ps",2024-10-05 22:47:10,2024-10-05 22:47:22,2024-10-05 22:47:37,Unknown,Unknown
1295038,"ps",2024-10-05 22:47:25,2024-10-05 22:47:37,2024-10-05 22:47:51,Unknown,Unknown
1298260,"kworker/u29:3",2024-10-05 22:47:39,2024-10-05 22:47:42,2024-10-05 22:47:56, 39,TS
1298408,"sh",2024-10-05 22:47:39,2024-10-05 22:47:42,2024-10-05 22:47:51, 19,TS
1298409,"cpuUsage.sh",2024-10-05 22:47:39,2024-10-05 22:47:42,2024-10-05 22:47:51, 19,TS
1298416,"sleep",2024-10-05 22:47:39,2024-10-05 22:47:42,2024-10-05 22:47:51, 19,TS
1298436,"ps",2024-10-05 22:47:39,2024-10-05 22:47:51,2024-10-05 22:48:05,Unknown,Unknown
1301850,"ps",2024-10-05 22:47:54,2024-10-05 22:48:05,2024-10-05 22:48:20,Unknown,Unknown
1305170,"ps",2024-10-05 22:48:08,2024-10-05 22:48:20,2024-10-05 22:48:34,Unknown,Unknown
1308506,"ps",2024-10-05 22:48:22,2024-10-05 22:48:34,2024-10-05 22:48:49,Unknown,Unknown
1310945,"kworker/u28:1",2024-10-05 22:48:37,2024-10-05 22:48:40,2024-10-05 22:48:54, 39,TS
1311838,"ps",2024-10-05 22:48:37,2024-10-05 22:48:49,2024-10-05 22:49:03,Unknown,Unknown
1315155,"ps",2024-10-05 22:48:51,2024-10-05 22:49:03,2024-10-05 22:49:17,Unknown,Unknown
1318471,"ps",2024-10-05 22:49:06,2024-10-05 22:49:17,2024-10-05 22:49:32,Unknown,Unknown
1320978,"kworker/1:2",2024-10-05 22:49:20,2024-10-05 22:49:23,2024-10-05 22:49:37, 19,TS
1321785,"ps",2024-10-05 22:49:20,2024-10-05 22:49:32,2024-10-05 22:49:46,Unknown,Unknown
1325116,"ps",2024-10-05 22:49:34,2024-10-05 22:49:46,2024-10-05 22:50:00,Unknown,Unknown
1328442,"ps",2024-10-05 22:49:48,2024-10-05 22:50:00,2024-10-05 22:50:15,Unknown,Unknown
1331513,"kworker/3:2",2024-10-05 22:50:03,2024-10-05 22:50:06,2024-10-05 22:50:20, 19,TS
1331651,"kworker/2:0-eve",2024-10-05 22:50:03,2024-10-05 22:50:06,2024-10-05 22:50:20, 19,TS
1331775,"ps",2024-10-05 22:50:03,2024-10-05 22:50:15,2024-10-05 22:50:29,Unknown,Unknown
1335126,"ps",2024-10-05 22:50:17,2024-10-05 22:50:29,2024-10-05 22:50:45,Unknown,Unknown
1338468,"ps",2024-10-05 22:50:32,2024-10-05 22:50:45,2024-10-05 22:50:59,Unknown,Unknown
1340379,"kworker/3:3-kac",2024-10-05 22:50:47,2024-10-05 22:50:50,2024-10-05 22:51:05, 19,TS
1340380,"kworker/3:4",2024-10-05 22:50:47,2024-10-05 22:50:50,2024-10-05 22:51:05, 19,TS
1340768,"kworker/10:2-mm",2024-10-05 22:50:47,2024-10-05 22:50:50,2024-10-05 22:51:05, 19,TS
1340775,"kworker/10:3",2024-10-05 22:50:47,2024-10-05 22:50:50,2024-10-05 22:51:05, 19,TS
1341819,"ps",2024-10-05 22:50:47,2024-10-05 22:50:59,2024-10-05 22:51:14,Unknown,Unknown
1345220,"ps",2024-10-05 22:51:02,2024-10-05 22:51:14,2024-10-05 22:51:29,Unknown,Unknown
1348594,"ps",2024-10-05 22:51:17,2024-10-05 22:51:29,2024-10-05 22:51:44,Unknown,Unknown
1351972,"ps",2024-10-05 22:51:32,2024-10-05 22:51:44,2024-10-05 22:51:59,Unknown,Unknown
1355352,"ps",2024-10-05 22:51:47,2024-10-05 22:51:59,2024-10-05 22:52:14,Unknown,Unknown
1358735,"ps",2024-10-05 22:52:01,2024-10-05 22:52:14,2024-10-05 22:52:29,Unknown,Unknown
1361480,"kworker/u29:5",2024-10-05 22:52:16,2024-10-05 22:52:19,2024-10-05 22:52:34, 39,TS
1361481,"kworker/u24:3-g",2024-10-05 22:52:16,2024-10-05 22:52:19,2024-10-05 22:52:34, 19,TS
1362136,"ps",2024-10-05 22:52:16,2024-10-05 22:52:29,2024-10-05 22:52:44,Unknown,Unknown
1365541,"ps",2024-10-05 22:52:31,2024-10-05 22:52:44,2024-10-05 22:52:59,Unknown,Unknown
1365585,"kworker/5:1",2024-10-05 22:52:46,2024-10-05 22:52:49,2024-10-05 22:53:04, 19,TS
1368937,"ps",2024-10-05 22:52:46,2024-10-05 22:52:59,2024-10-05 22:53:14,Unknown,Unknown
1372347,"ps",2024-10-05 22:53:01,2024-10-05 22:53:14,2024-10-05 22:53:29,Unknown,Unknown
1374860,"kworker/0:0",2024-10-05 22:53:17,2024-10-05 22:53:20,2024-10-05 22:53:35, 19,TS
1375764,"ps",2024-10-05 22:53:17,2024-10-05 22:53:29,2024-10-05 22:53:44,Unknown,Unknown
1379259,"ps",2024-10-05 22:53:32,2024-10-05 22:53:44,2024-10-05 22:53:59,Unknown,Unknown
1382277,"kworker/u28:0",2024-10-05 22:53:47,2024-10-05 22:53:50,2024-10-05 22:54:05, 39,TS
1382679,"ps",2024-10-05 22:53:47,2024-10-05 22:54:00,2024-10-05 22:54:15,Unknown,Unknown
1385373,"kworker/6:0",2024-10-05 22:54:02,2024-10-05 22:54:05,2024-10-05 22:54:20, 19,TS
1386118,"ps",2024-10-05 22:54:02,2024-10-05 22:54:15,2024-10-05 22:54:30,Unknown,Unknown
1389603,"ps",2024-10-05 22:54:18,2024-10-05 22:54:30,2024-10-05 22:54:45,Unknown,Unknown
1391169,"kworker/4:2-eve",2024-10-05 22:54:33,2024-10-05 22:54:36,2024-10-05 22:54:51, 19,TS
1393072,"ps",2024-10-05 22:54:33,2024-10-05 22:54:45,2024-10-05 22:55:01,Unknown,Unknown
1396525,"ps",2024-10-05 22:54:48,2024-10-05 22:55:01,2024-10-05 22:55:16,Unknown,Unknown
1398863,"kworker/u26:1-e",2024-10-05 22:55:03,2024-10-05 22:55:06,2024-10-05 22:55:22, 19,TS
1399986,"kworker/u25:1",2024-10-05 22:55:03,2024-10-05 22:55:06,2024-10-05 22:55:22, 19,TS
1399987,"ps",2024-10-05 22:55:03,2024-10-05 22:55:16,2024-10-05 22:55:32,Unknown,Unknown
1402201,"kworker/8:0",2024-10-05 22:55:19,2024-10-05 22:55:22,2024-10-05 22:55:37, 19,TS
1403475,"ps",2024-10-05 22:55:19,2024-10-05 22:55:32,2024-10-05 22:55:47,Unknown,Unknown
1405706,"kworker/9:2",2024-10-05 22:55:34,2024-10-05 22:55:37,2024-10-05 22:55:53, 19,TS
1406465,"kworker/2:1-eve",2024-10-05 22:55:34,2024-10-05 22:55:37,2024-10-05 22:55:53, 19,TS
1406967,"ps",2024-10-05 22:55:34,2024-10-05 22:55:47,2024-10-05 22:56:03,Unknown,Unknown
1410521,"ps",2024-10-05 22:55:50,2024-10-05 22:56:03,2024-10-05 22:56:18,Unknown,Unknown
1414016,"ps",2024-10-05 22:56:05,2024-10-05 22:56:18,2024-10-05 22:56:34,Unknown,Unknown
1417523,"ps",2024-10-05 22:56:21,2024-10-05 22:56:34,2024-10-05 22:56:49,Unknown,Unknown
1421023,"ps",2024-10-05 22:56:37,2024-10-05 22:56:49,2024-10-05 22:57:05,Unknown,Unknown
1424509,"ps",2024-10-05 22:56:52,2024-10-05 22:57:05,2024-10-05 22:57:21,Unknown,Unknown
1427998,"ps",2024-10-05 22:57:08,2024-10-05 22:57:21,2024-10-05 22:57:37,Unknown,Unknown
1430486,"kworker/u28:2",2024-10-05 22:57:24,2024-10-05 22:57:27,2024-10-05 22:57:42, 39,TS
1430487,"kworker/u28:5-r",2024-10-05 22:57:24,2024-10-05 22:57:27,2024-10-05 22:57:42, 39,TS
1431506,"ps",2024-10-05 22:57:24,2024-10-05 22:57:37,2024-10-05 22:57:52,Unknown,Unknown
1435028,"ps",2024-10-05 22:57:39,2024-10-05 22:57:52,2024-10-05 22:58:08,Unknown,Unknown
1436583,"kworker/u29:1",2024-10-05 22:57:55,2024-10-05 22:57:58,2024-10-05 22:58:14, 39,TS
1437706,"kworker/1:0",2024-10-05 22:57:55,2024-10-05 22:57:58,2024-10-05 22:58:14, 19,TS
1438539,"ps",2024-10-05 22:57:55,2024-10-05 22:58:08,2024-10-05 22:58:24,Unknown,Unknown
1442107,"ps",2024-10-05 22:58:11,2024-10-05 22:58:24,2024-10-05 22:58:40,Unknown,Unknown
1445250,"kworker/0:1-eve",2024-10-05 22:58:26,2024-10-05 22:58:29,2024-10-05 22:58:45, 19,TS
1445635,"ps",2024-10-05 22:58:26,2024-10-05 22:58:40,2024-10-05 22:58:55,Unknown,Unknown
1449166,"ps",2024-10-05 22:58:42,2024-10-05 22:58:55,2024-10-05 22:59:11,Unknown,Unknown
1452771,"ps",2024-10-05 22:58:58,2024-10-05 22:59:11,2024-10-05 22:59:27,Unknown,Unknown
1456296,"ps",2024-10-05 22:59:13,2024-10-05 22:59:27,2024-10-05 22:59:43,Unknown,Unknown
1459829,"ps",2024-10-05 22:59:30,2024-10-05 22:59:43,2024-10-05 22:59:59,Unknown,Unknown
1463361,"ps",2024-10-05 22:59:45,2024-10-05 22:59:59,2024-10-05 23:00:14,Unknown,Unknown
1466901,"ps",2024-10-05 23:00:01,2024-10-05 23:00:14,2024-10-05 23:00:30,Unknown,Unknown
1470428,"ps",2024-10-05 23:00:17,2024-10-05 23:00:30,2024-10-05 23:00:46,Unknown,Unknown
1472161,"kworker/u24:0-g",2024-10-05 23:00:33,2024-10-05 23:00:36,2024-10-05 23:00:52, 19,TS
1473976,"ps",2024-10-05 23:00:33,2024-10-05 23:00:46,2024-10-05 23:01:02,Unknown,Unknown
1477562,"sh",2024-10-05 23:00:49,2024-10-05 23:01:02,2024-10-05 23:01:18,Unknown,Unknown
1477563,"cpuUsage.sh",2024-10-05 23:00:49,2024-10-05 23:01:02,2024-10-05 23:01:18,Unknown,Unknown
1477570,"sleep",2024-10-05 23:00:49,2024-10-05 23:01:02,2024-10-05 23:01:18,Unknown,Unknown
1477571,"ps",2024-10-05 23:00:49,2024-10-05 23:01:02,2024-10-05 23:01:18,Unknown,Unknown
1480847,"kworker/2:0",2024-10-05 23:01:05,2024-10-05 23:01:08,2024-10-05 23:01:23, 19,TS
1481175,"ps",2024-10-05 23:01:05,2024-10-05 23:01:18,2024-10-05 23:01:34,Unknown,Unknown
1484737,"ps",2024-10-05 23:01:21,2024-10-05 23:01:34,2024-10-05 23:01:50,Unknown,Unknown
1488297,"ps",2024-10-05 23:01:36,2024-10-05 23:01:50,2024-10-05 23:02:06,Unknown,Unknown
1490509,"kworker/3:2",2024-10-05 23:01:52,2024-10-05 23:01:55,2024-10-05 23:02:11, 19,TS
1491855,"ps",2024-10-05 23:01:52,2024-10-05 23:02:06,2024-10-05 23:02:22,Unknown,Unknown
1495460,"ps",2024-10-05 23:02:08,2024-10-05 23:02:22,2024-10-05 23:02:38,Unknown,Unknown
1497730,"kworker/u29:5",2024-10-05 23:02:24,2024-10-05 23:02:27,2024-10-05 23:02:43, 39,TS
1499098,"ps",2024-10-05 23:02:24,2024-10-05 23:02:38,2024-10-05 23:02:54,Unknown,Unknown
1502677,"kworker/4:0",2024-10-05 23:02:40,2024-10-05 23:02:43,2024-10-05 23:02:59, 19,TS
1502678,"ps",2024-10-05 23:02:40,2024-10-05 23:02:54,2024-10-05 23:03:10,Unknown,Unknown
1506346,"ps",2024-10-05 23:02:57,2024-10-05 23:03:10,2024-10-05 23:03:26,Unknown,Unknown
1507157,"kworker/8:2-eve",2024-10-05 23:03:13,2024-10-05 23:03:15,2024-10-05 23:03:32, 19,TS
1509994,"ps",2024-10-05 23:03:13,2024-10-05 23:03:26,2024-10-05 23:03:42,Unknown,Unknown
1512269,"kworker/u28:0",2024-10-05 23:03:29,2024-10-05 23:03:32,2024-10-05 23:03:48, 39,TS
1513589,"ps",2024-10-05 23:03:29,2024-10-05 23:03:42,2024-10-05 23:03:58,Unknown,Unknown
1517192,"ps",2024-10-05 23:03:45,2024-10-05 23:03:58,2024-10-05 23:04:14,Unknown,Unknown
1519588,"kworker/0:0-eve",2024-10-05 23:04:01,2024-10-05 23:04:04,2024-10-05 23:04:20, 19,TS
1520783,"ps",2024-10-05 23:04:01,2024-10-05 23:04:14,2024-10-05 23:04:30,Unknown,Unknown
1524385,"ps",2024-10-05 23:04:17,2024-10-05 23:04:30,2024-10-05 23:04:46,Unknown,Unknown
1527986,"ps",2024-10-05 23:04:33,2024-10-05 23:04:46,2024-10-05 23:05:03,Unknown,Unknown
1531588,"ps",2024-10-05 23:04:49,2024-10-05 23:05:03,2024-10-05 23:05:19,Unknown,Unknown
1535196,"ps",2024-10-05 23:05:05,2024-10-05 23:05:19,2024-10-05 23:05:35,Unknown,Unknown
1538805,"ps",2024-10-05 23:05:22,2024-10-05 23:05:35,2024-10-05 23:05:51,Unknown,Unknown
1542413,"ps",2024-10-05 23:05:38,2024-10-05 23:05:51,2024-10-05 23:06:08,Unknown,Unknown
1544820,"kworker/u25:3-f",2024-10-05 23:05:54,2024-10-05 23:05:57,2024-10-05 23:06:13, 19,TS
1546024,"ps",2024-10-05 23:05:54,2024-10-05 23:06:08,2024-10-05 23:06:24,Unknown,Unknown
1549650,"ps",2024-10-05 23:06:10,2024-10-05 23:06:24,2024-10-05 23:06:40,Unknown,Unknown
1552060,"kworker/1:2",2024-10-05 23:06:26,2024-10-05 23:06:29,2024-10-05 23:06:45, 19,TS
1553276,"ps",2024-10-05 23:06:26,2024-10-05 23:06:40,2024-10-05 23:06:56,Unknown,Unknown
1554803,"kworker/5:2-eve",2024-10-05 23:06:43,2024-10-05 23:06:45,2024-10-05 23:07:02, 19,TS
1555182,"kworker/2:1-eve",2024-10-05 23:06:43,2024-10-05 23:06:45,2024-10-05 23:07:02, 19,TS
1556481,"kworker/7:0",2024-10-05 23:06:43,2024-10-05 23:06:45,2024-10-05 23:07:02, 19,TS
1556915,"ps",2024-10-05 23:06:43,2024-10-05 23:06:56,2024-10-05 23:07:13,Unknown,Unknown
1560586,"ps",2024-10-05 23:06:59,2024-10-05 23:07:13,2024-10-05 23:07:30,Unknown,Unknown
1561079,"kworker/6:2-eve",2024-10-05 23:07:15,2024-10-05 23:07:18,2024-10-05 23:07:35, 19,TS
1564064,"kworker/9:1",2024-10-05 23:07:15,2024-10-05 23:07:18,2024-10-05 23:07:35, 19,TS
1564240,"ps",2024-10-05 23:07:15,2024-10-05 23:07:30,2024-10-05 23:07:47,Unknown,Unknown
1566810,"kworker/u26:0-e",2024-10-05 23:07:33,2024-10-05 23:07:35,2024-10-05 23:07:52, 19,TS
1567929,"ps",2024-10-05 23:07:33,2024-10-05 23:07:47,2024-10-05 23:08:04,Unknown,Unknown
1571606,"ps",2024-10-05 23:07:49,2024-10-05 23:08:04,2024-10-05 23:08:20,Unknown,Unknown
1574898,"kworker/8:0",2024-10-05 23:08:06,2024-10-05 23:08:09,2024-10-05 23:08:25, 19,TS
1575285,"ps",2024-10-05 23:08:06,2024-10-05 23:08:20,2024-10-05 23:08:37,Unknown,Unknown
1578420,"kworker/10:1",2024-10-05 23:08:23,2024-10-05 23:08:25,2024-10-05 23:08:42, 19,TS
1578971,"ps",2024-10-05 23:08:23,2024-10-05 23:08:37,2024-10-05 23:08:53,Unknown,Unknown
1581514,"kworker/u24:0",2024-10-05 23:08:39,2024-10-05 23:08:42,2024-10-05 23:08:59, 19,TS
1582669,"ps",2024-10-05 23:08:39,2024-10-05 23:08:53,2024-10-05 23:09:10,Unknown,Unknown
1584611,"kworker/4:2-mm_",2024-10-05 23:08:56,2024-10-05 23:08:59,2024-10-05 23:09:16, 19,TS
1586101,"kworker/u28:0-t",2024-10-05 23:08:56,2024-10-05 23:08:59,2024-10-05 23:09:16, 39,TS
1586102,"kworker/u28:1",2024-10-05 23:08:56,2024-10-05 23:08:59,2024-10-05 23:09:16, 39,TS
1586357,"kworker/u29:0-t",2024-10-05 23:08:56,2024-10-05 23:08:59,2024-10-05 23:09:16, 39,TS
1586358,"kworker/u29:1-t",2024-10-05 23:08:56,2024-10-05 23:08:59,2024-10-05 23:09:16, 39,TS
1586359,"kworker/u29:4",2024-10-05 23:08:56,2024-10-05 23:08:59,2024-10-05 23:09:16, 39,TS
1586364,"ps",2024-10-05 23:08:56,2024-10-05 23:09:10,2024-10-05 23:09:27,Unknown,Unknown
1589993,"kworker/u24:3-g",2024-10-05 23:09:13,2024-10-05 23:09:16,2024-10-05 23:09:32, 19,TS
1590196,"ps",2024-10-05 23:09:13,2024-10-05 23:09:27,2024-10-05 23:09:44,Unknown,Unknown
1593933,"ps",2024-10-05 23:09:30,2024-10-05 23:09:44,2024-10-05 23:10:02,Unknown,Unknown
1596197,"kworker/u28:2",2024-10-05 23:09:47,2024-10-05 23:09:50,2024-10-05 23:10:07, 39,TS
1597077,"kworker/0:1-eve",2024-10-05 23:09:47,2024-10-05 23:09:50,2024-10-05 23:10:07, 19,TS
1597665,"ps",2024-10-05 23:09:47,2024-10-05 23:10:02,2024-10-05 23:10:19,Unknown,Unknown
1601435,"ps",2024-10-05 23:10:04,2024-10-05 23:10:19,2024-10-05 23:10:36,Unknown,Unknown
1605185,"ps",2024-10-05 23:10:22,2024-10-05 23:10:36,2024-10-05 23:10:53,Unknown,Unknown
1608004,"tracker-extract",2024-10-05 23:10:39,2024-10-05 23:10:41,2024-10-05 23:10:53,  0,IDL
1608952,"ps",2024-10-05 23:10:39,2024-10-05 23:10:53,2024-10-05 23:11:10,Unknown,Unknown
1612726,"ps",2024-10-05 23:10:56,2024-10-05 23:11:10,2024-10-05 23:11:27,Unknown,Unknown
1615974,"kworker/3:0-mm_",2024-10-05 23:11:13,2024-10-05 23:11:16,2024-10-05 23:11:33, 19,TS
1616519,"ps",2024-10-05 23:11:13,2024-10-05 23:11:27,2024-10-05 23:11:44,Unknown,Unknown
1620323,"ps",2024-10-05 23:11:30,2024-10-05 23:11:44,2024-10-05 23:12:02,Unknown,Unknown
1624094,"ps",2024-10-05 23:11:47,2024-10-05 23:12:02,2024-10-05 23:12:19,Unknown,Unknown
1627249,"kworker/2:0-eve",2024-10-05 23:12:04,2024-10-05 23:12:07,2024-10-05 23:12:24, 19,TS
1627929,"ps",2024-10-05 23:12:04,2024-10-05 23:12:19,2024-10-05 23:12:36,Unknown,Unknown
1631739,"ps",2024-10-05 23:12:22,2024-10-05 23:12:36,2024-10-05 23:12:54,Unknown,Unknown
1635550,"kworker/5:1",2024-10-05 23:12:39,2024-10-05 23:12:42,2024-10-05 23:12:59, 19,TS
1635551,"ps",2024-10-05 23:12:39,2024-10-05 23:12:54,2024-10-05 23:13:11,Unknown,Unknown
1639409,"ps",2024-10-05 23:12:56,2024-10-05 23:13:11,2024-10-05 23:13:28,Unknown,Unknown
1640774,"kworker/u28:5",2024-10-05 23:13:13,2024-10-05 23:13:16,2024-10-05 23:13:33, 39,TS
1643239,"ps",2024-10-05 23:13:13,2024-10-05 23:13:28,2024-10-05 23:13:45,Unknown,Unknown
1645457,"kworker/u29:5",2024-10-05 23:13:31,2024-10-05 23:13:33,2024-10-05 23:13:51, 39,TS
1647070,"ps",2024-10-05 23:13:31,2024-10-05 23:13:45,2024-10-05 23:14:02,Unknown,Unknown
1650918,"ps",2024-10-05 23:13:48,2024-10-05 23:14:02,2024-10-05 23:14:20,Unknown,Unknown
1654758,"ps",2024-10-05 23:14:05,2024-10-05 23:14:20,2024-10-05 23:14:37,Unknown,Unknown
1656475,"kworker/4:0-eve",2024-10-05 23:14:22,2024-10-05 23:14:25,2024-10-05 23:14:42, 19,TS
1657577,"kworker/u24:0-s",2024-10-05 23:14:22,2024-10-05 23:14:25,2024-10-05 23:14:42, 19,TS
1658624,"ps",2024-10-05 23:14:22,2024-10-05 23:14:37,2024-10-05 23:14:54,Unknown,Unknown
1662446,"ps",2024-10-05 23:14:39,2024-10-05 23:14:54,2024-10-05 23:15:12,Unknown,Unknown
1666263,"ps",2024-10-05 23:14:57,2024-10-05 23:15:12,2024-10-05 23:15:30,Unknown,Unknown
1670141,"sh",2024-10-05 23:15:14,2024-10-05 23:15:17,2024-10-05 23:15:30, 19,TS
1670142,"cpuUsage.sh",2024-10-05 23:15:14,2024-10-05 23:15:17,2024-10-05 23:15:30, 19,TS
1670149,"sleep",2024-10-05 23:15:15,2024-10-05 23:15:17,2024-10-05 23:15:30, 19,TS
1670150,"ps",2024-10-05 23:15:15,2024-10-05 23:15:30,2024-10-05 23:15:47,Unknown,Unknown
1674039,"ps",2024-10-05 23:15:32,2024-10-05 23:15:47,2024-10-05 23:16:05,Unknown,Unknown
1677972,"sh",2024-10-05 23:15:50,2024-10-05 23:15:53,2024-10-05 23:16:05, 19,TS
1677973,"cpuUsage.sh",2024-10-05 23:15:50,2024-10-05 23:15:53,2024-10-05 23:16:05, 19,TS
1677975,"ps",2024-10-05 23:15:50,2024-10-05 23:16:05,2024-10-05 23:16:22,Unknown,Unknown
1681874,"ps",2024-10-05 23:16:07,2024-10-05 23:16:22,2024-10-05 23:16:39,Unknown,Unknown
1685712,"ps",2024-10-05 23:16:24,2024-10-05 23:16:39,2024-10-05 23:16:57,Unknown,Unknown
1689356,"chrome",2024-10-05 23:16:42,2024-10-05 23:16:45,2024-10-05 23:17:02, 19,TS
1689587,"chrome",2024-10-05 23:16:42,2024-10-05 23:16:45,2024-10-05 23:17:02, 19,TS
1689604,"chrome",2024-10-05 23:16:42,2024-10-05 23:16:45,2024-10-05 23:16:57, 19,TS
1689621,"ps",2024-10-05 23:16:42,2024-10-05 23:16:57,2024-10-05 23:17:15,Unknown,Unknown
1689806,"chrome",2024-10-05 23:17:00,2024-10-05 23:17:02,2024-10-05 23:17:20, 19,TS
1693541,"ps",2024-10-05 23:17:00,2024-10-05 23:17:15,2024-10-05 23:17:32,Unknown,Unknown
1697439,"ps",2024-10-05 23:17:17,2024-10-05 23:17:32,2024-10-05 23:17:50,Unknown,Unknown
1699436,"kworker/2:1",2024-10-05 23:17:35,2024-10-05 23:17:38,2024-10-05 23:17:56, 19,TS
1700191,"kworker/3:2",2024-10-05 23:17:35,2024-10-05 23:17:38,2024-10-05 23:17:56, 19,TS
1701330,"ps",2024-10-05 23:17:35,2024-10-05 23:17:50,2024-10-05 23:18:08,Unknown,Unknown
1705231,"ps",2024-10-05 23:17:53,2024-10-05 23:18:08,2024-10-05 23:18:26,Unknown,Unknown
1707765,"kworker/0:0-eve",2024-10-05 23:18:11,2024-10-05 23:18:14,2024-10-05 23:18:32, 19,TS
1708367,"kworker/8:2",2024-10-05 23:18:11,2024-10-05 23:18:14,2024-10-05 23:18:32, 19,TS
1709110,"ps",2024-10-05 23:18:11,2024-10-05 23:18:26,2024-10-05 23:18:44,Unknown,Unknown
1713022,"ps",2024-10-05 23:18:29,2024-10-05 23:18:44,2024-10-05 23:19:02,Unknown,Unknown
1716938,"ps",2024-10-05 23:18:47,2024-10-05 23:19:02,2024-10-05 23:19:20,Unknown,Unknown
1719554,"kworker/7:1-eve",2024-10-05 23:19:05,2024-10-05 23:19:08,2024-10-05 23:19:26, 19,TS
1719621,"kworker/u29:4",2024-10-05 23:19:05,2024-10-05 23:19:08,2024-10-05 23:19:26, 39,TS
1720916,"ps",2024-10-05 23:19:05,2024-10-05 23:19:20,2024-10-05 23:19:38,Unknown,Unknown
1724981,"ps",2024-10-05 23:19:23,2024-10-05 23:19:38,2024-10-05 23:19:56,Unknown,Unknown
1728935,"ps",2024-10-05 23:19:41,2024-10-05 23:19:56,2024-10-05 23:20:14,Unknown,Unknown
1732922,"ps",2024-10-05 23:19:59,2024-10-05 23:20:14,2024-10-05 23:20:32,Unknown,Unknown
1736795,"kworker/u24:2-g",2024-10-05 23:20:17,2024-10-05 23:20:19,2024-10-05 23:20:37, 19,TS
1736887,"ps",2024-10-05 23:20:17,2024-10-05 23:20:32,2024-10-05 23:20:50,Unknown,Unknown
1738883,"kworker/4:2-eve",2024-10-05 23:20:35,2024-10-05 23:20:37,2024-10-05 23:20:56, 19,TS
1740706,"kworker/1:0",2024-10-05 23:20:35,2024-10-05 23:20:37,2024-10-05 23:20:56, 19,TS
1740858,"ps",2024-10-05 23:20:35,2024-10-05 23:20:50,2024-10-05 23:21:09,Unknown,Unknown
1744817,"ps",2024-10-05 23:20:53,2024-10-05 23:21:09,2024-10-05 23:21:27,Unknown,Unknown
1748906,"ps",2024-10-05 23:21:11,2024-10-05 23:21:27,2024-10-05 23:21:45,Unknown,Unknown
1752469,"kworker/9:2",2024-10-05 23:21:29,2024-10-05 23:21:32,2024-10-05 23:21:50, 19,TS
1752904,"ps",2024-10-05 23:21:29,2024-10-05 23:21:45,2024-10-05 23:22:03,Unknown,Unknown
1753531,"kworker/5:2",2024-10-05 23:21:47,2024-10-05 23:21:50,2024-10-05 23:22:08, 19,TS
1756900,"ps",2024-10-05 23:21:47,2024-10-05 23:22:03,2024-10-05 23:22:21,Unknown,Unknown
1760878,"ps",2024-10-05 23:22:05,2024-10-05 23:22:21,2024-10-05 23:22:39,Unknown,Unknown
1764842,"ps",2024-10-05 23:22:24,2024-10-05 23:22:39,2024-10-05 23:22:57,Unknown,Unknown
1768793,"ps",2024-10-05 23:22:42,2024-10-05 23:22:57,2024-10-05 23:23:15,Unknown,Unknown
1772346,"kworker/2:1",2024-10-05 23:23:00,2024-10-05 23:23:03,2024-10-05 23:23:21, 19,TS
1772749,"ps",2024-10-05 23:23:00,2024-10-05 23:23:15,2024-10-05 23:23:34,Unknown,Unknown
1776708,"ps",2024-10-05 23:23:18,2024-10-05 23:23:34,2024-10-05 23:23:52,Unknown,Unknown
1777196,"kworker/u26:3-e",2024-10-05 23:23:36,2024-10-05 23:23:39,2024-10-05 23:23:57, 19,TS
1780660,"ps",2024-10-05 23:23:36,2024-10-05 23:23:52,2024-10-05 23:24:10,Unknown,Unknown
1782995,"kworker/0:1-eve",2024-10-05 23:23:54,2024-10-05 23:23:57,, 19,TS
1784625,"ps",2024-10-05 23:23:54,2024-10-05 23:24:10,,Unknown,Unknown
